observation_date,DPI
1947-01-01,170.548
1947-04-01,170.245
1947-07-01,178.047
1947-10-01,179.916
1948-01-01,185.295
1948-04-01,193.025
1948-07-01,199.178
1948-10-01,199.673
1949-01-01,194.220
1949-04-01,193.991
1949-07-01,194.108
1949-10-01,195.034
1950-01-01,209.698
1950-04-01,210.065
1950-07-01,217.145
1950-10-01,222.384
1951-01-01,229.715
1951-04-01,236.737
1951-07-01,239.757
1951-10-01,242.499
1952-01-01,243.408
1952-04-01,246.447
1952-07-01,253.057
1952-10-01,258.904
1953-01-01,262.968
1953-04-01,266.799
1953-07-01,266.957
1953-10-01,267.217
1954-01-01,269.931
1954-04-01,269.820
1954-07-01,271.778
1954-10-01,276.713
1955-01-01,282.103
1955-04-01,288.631
1955-07-01,295.107
1955-10-01,299.354
1956-01-01,303.616
1956-04-01,308.551
1956-07-01,313.182
1956-10-01,319.894
1957-01-01,323.789
1957-04-01,328.145
1957-07-01,332.482
1957-10-01,331.974
1958-01-01,333.104
1958-04-01,336.028
1958-07-01,343.668
1958-10-01,348.811
1959-01-01,353.222
1959-04-01,360.377
1959-07-01,362.062
1959-10-01,366.634
1960-01-01,371.359
1960-04-01,375.715
1960-07-01,377.847
1960-10-01,379.358
1961-01-01,383.653
1961-04-01,389.432
1961-07-01,396.030
1961-10-01,404.186
1962-01-01,409.933
1962-04-01,415.826
1962-07-01,419.178
1962-10-01,424.193
1963-01-01,429.107
1963-04-01,433.739
1963-07-01,440.601
1963-10-01,449.437
1964-01-01,460.392
1964-04-01,473.838
1964-07-01,481.587
1964-10-01,488.675
1965-01-01,496.020
1965-04-01,504.149
1965-07-01,519.863
1965-10-01,531.956
1966-01-01,541.375
1966-04-01,547.242
1966-07-01,558.165
1966-10-01,569.061
1967-01-01,579.322
1967-04-01,586.696
1967-07-01,597.752
1967-10-01,607.280
1968-01-01,623.954
1968-04-01,640.688
1968-07-01,649.389
1968-10-01,661.666
1969-01-01,669.756
1969-04-01,684.950
1969-07-01,707.480
1969-10-01,721.137
1970-01-01,737.168
1970-04-01,754.520
1970-07-01,774.022
1970-10-01,782.186
1971-01-01,805.328
1971-04-01,826.350
1971-07-01,838.808
1971-10-01,853.832
1972-01-01,866.754
1972-04-01,880.815
1972-07-01,905.843
1972-10-01,949.861
1973-01-01,968.678
1973-04-01,995.679
1973-07-01,1018.430
1973-10-01,1050.700
1974-01-01,1064.035
1974-04-01,1083.985
1974-07-01,1114.191
1974-10-01,1140.869
1975-01-01,1160.434
1975-04-01,1228.887
1975-07-01,1233.647
1975-10-01,1264.165
1976-01-01,1293.610
1976-04-01,1311.899
1976-07-01,1342.259
1976-10-01,1372.140
1977-01-01,1400.016
1977-04-01,1437.330
1977-07-01,1479.197
1977-10-01,1528.880
1978-01-01,1566.088
1978-04-01,1615.146
1978-07-01,1656.310
1978-10-01,1698.742
1979-01-01,1751.557
1979-04-01,1783.199
1979-07-01,1836.048
1979-10-01,1884.378
1980-01-01,1948.375
1980-04-01,1978.594
1980-07-01,2047.035
1980-10-01,2125.789
1981-01-01,2177.067
1981-04-01,2215.467
1981-07-01,2300.120
1981-10-01,2337.014
1982-01-01,2372.184
1982-04-01,2409.803
1982-07-01,2460.346
1982-10-01,2496.537
1983-01-01,2542.271
1983-04-01,2583.834
1983-07-01,2656.772
1983-10-01,2732.466
1984-01-01,2815.063
1984-04-01,2888.212
1984-07-01,2948.522
1984-10-01,2991.250
1985-01-01,3019.219
1985-04-01,3104.431
1985-07-01,3120.151
1985-10-01,3176.512
1986-01-01,3242.404
1986-04-01,3279.727
1986-07-01,3315.453
1986-10-01,3335.966
1987-01-01,3392.286
1987-04-01,3389.595
1987-07-01,3483.129
1987-10-01,3563.869
1988-01-01,3651.096
1988-04-01,3733.633
1988-07-01,3818.096
1988-10-01,3893.495
1989-01-01,3980.878
1989-04-01,4021.334
1989-07-01,4071.738
1989-10-01,4139.149
1990-01-01,4232.899
1990-04-01,4302.906
1990-07-01,4358.183
1990-10-01,4380.538
1991-01-01,4416.999
1991-04-01,4474.407
1991-07-01,4522.072
1991-10-01,4590.565
1992-01-01,4708.396
1992-04-01,4784.123
1992-07-01,4835.461
1992-10-01,4890.790
1993-01-01,4938.702
1993-04-01,4987.377
1993-07-01,5013.209
1993-10-01,5077.154
1994-01-01,5128.478
1994-04-01,5208.541
1994-07-01,5276.837
1994-10-01,5377.530
1995-01-01,5449.491
1995-04-01,5496.388
1995-07-01,5568.822
1995-10-01,5625.106
1996-01-01,5708.976
1996-04-01,5799.069
1996-07-01,5869.286
1996-10-01,5939.133
1997-01-01,6020.067
1997-04-01,6087.066
1997-07-01,6175.301
1997-10-01,6286.188
1998-01-01,6420.339
1998-04-01,6522.052
1998-07-01,6607.200
1998-10-01,6674.156
1999-01-01,6758.699
1999-04-01,6801.646
1999-07-01,6887.388
1999-10-01,7019.004
2000-01-01,7199.618
2000-04-01,7319.561
2000-07-01,7464.026
2000-10-01,7556.664
2001-01-01,7673.477
2001-04-01,7703.502
2001-07-01,7883.495
2001-10-01,7755.900
2002-01-01,7957.569
2002-04-01,8080.919
2002-07-01,8132.548
2002-10-01,8220.458
2003-01-01,8285.363
2003-04-01,8387.902
2003-07-01,8586.985
2003-10-01,8652.611
2004-01-01,8758.765
2004-04-01,8907.978
2004-07-01,9009.501
2004-10-01,9192.274
2005-01-01,9120.286
2005-04-01,9261.799
2005-07-01,9396.375
2005-10-01,9556.135
2006-01-01,9783.858
2006-04-01,9906.546
2006-07-01,9992.332
2006-10-01,10097.401
2007-01-01,10267.697
2007-04-01,10406.081
2007-07-01,10482.565
2007-10-01,10602.170
2008-01-01,10733.994
2008-04-01,11061.837
2008-07-01,10964.447
2008-10-01,10912.439
2009-01-01,10830.420
2009-04-01,10946.227
2009-07-01,10888.262
2009-10-01,10988.307
2010-01-01,11096.944
2010-04-01,11298.797
2010-07-01,11381.992
2010-10-01,11498.297
2011-01-01,11711.593
2011-04-01,11803.352
2011-07-01,11921.125
2011-10-01,11987.448
2012-01-01,12252.058
2012-04-01,12364.177
2012-07-01,12301.844
2012-10-01,12715.043
2013-01-01,12254.043
2013-04-01,12353.217
2013-07-01,12447.306
2013-10-01,12510.375
2014-01-01,12714.402
2014-04-01,12931.863
2014-07-01,13089.117
2014-10-01,13258.192
2015-01-01,13380.512
2015-04-01,13487.843
2015-07-01,13598.262
2015-10-01,13664.797
2016-01-01,13782.355
2016-04-01,13841.829
2016-07-01,13968.109
2016-10-01,14123.300
2017-01-01,14353.057
2017-04-01,14538.770
2017-07-01,14692.113
2017-10-01,14871.770
2018-01-01,15133.060
2018-04-01,15349.067
2018-07-01,15563.066
2018-10-01,15770.966
2019-01-01,15997.305
2019-04-01,16074.939
2019-07-01,16222.056
2019-10-01,16363.691
2020-01-01,16516.203
2020-04-01,18086.128
2020-07-01,17601.130
2020-10-01,17330.270
2021-01-01,19680.548
2021-04-01,18449.207
2021-07-01,18486.877
2021-10-01,18586.976
2022-01-01,18374.350
2022-04-01,18615.769
2022-07-01,19130.891
2022-10-01,19521.072
2023-01-01,20283.388
2023-04-01,20651.018
2023-07-01,20894.643
2023-10-01,21168.040
2024-01-01,21575.360
2024-04-01,21843.211
2024-07-01,22002.573
2024-10-01,22249.490
2025-01-01,22563.684
2025-04-01,22786.610
2025-07-01,22942.873
