Date,Debit Balances in Customers' Securities Margin Accounts,Free Credit Balances in Customers' Cash Accounts,Free Credit Balances in Customers' Securities Margin Accounts
31-Jan-97,"103,337","68,856",
28-Feb-97,"103,886","67,058",
31-Mar-97,"104,835","69,553",
30-Apr-97,"102,842","64,825",
31-May-97,"111,097","66,879",
30-Jun-97,"118,843","72,422",
31-Jul-97,"121,090","73,714",
31-Aug-97,"124,404","71,211",
30-Sep-97,"131,962","73,087",
31-Oct-97,"134,491","80,287",
30-Nov-97,"132,741","77,259",
31-Dec-97,"131,560","88,590",
31-Jan-98,"132,912","83,362",
28-Feb-98,"141,328","81,932",
31-Mar-98,"146,536","85,580",
30-Apr-98,"146,589","85,771",
31-May-98,"150,293","80,174",
30-Jun-98,"154,357","87,891",
31-Jul-98,"160,980","92,687",
31-Aug-98,"155,879","100,093",
30-Sep-98,"144,541","103,879",
31-Oct-98,"138,399","108,179",
30-Nov-98,"148,697","108,032",
31-Dec-98,"148,674","111,507",
31-Jan-99,"162,322","107,200",
28-Feb-99,"162,909","109,523",
31-Mar-99,"166,212","109,941",
30-Apr-99,"184,329","112,290",
31-May-99,"189,950","114,271",
30-Jun-99,"187,695","116,982",
31-Jul-99,"189,503","115,017",
31-Aug-99,"187,616","117,149",
30-Sep-99,"189,741","121,207",
31-Oct-99,"194,259","123,457",
30-Nov-99,"218,304","131,786",
31-Dec-99,"241,967","146,582",
31-Jan-00,"260,409","148,567",
29-Feb-00,"284,206","153,540",
31-Mar-00,"299,933","168,002",
30-Apr-00,"268,716","156,868",
31-May-00,"256,862","153,843",
30-Jun-00,"264,471","153,050",
31-Jul-00,"263,729","163,050",
31-Aug-00,"265,166","156,775",
30-Sep-00,"270,208","160,964",
31-Oct-00,"250,965","172,738",
30-Nov-00,"237,913","186,459",
31-Dec-00,"210,385","198,179",
31-Jan-01,"208,687","187,225",
28-Feb-01,"198,887","193,266",
31-Mar-01,"174,797","198,581",
30-Apr-01,"176,096","191,145",
31-May-01,"183,041","183,493",
30-Jun-01,"179,585","187,602",
31-Jul-01,"173,680","185,100",
31-Aug-01,"169,316","191,219",
30-Sep-01,"157,931","211,281",
31-Oct-01,"152,367","187,012",
30-Nov-01,"159,440","188,441",
31-Dec-01,"160,473","197,424",
31-Jan-02,"160,906","189,841",
28-Feb-02,"154,931","186,919",
31-Mar-02,"160,089","180,578",
30-Apr-02,"159,072","175,730",
31-May-02,"157,802","173,395",
30-Jun-02,"153,972","178,744",
31-Jul-02,"143,905","183,326",
31-Aug-02,"139,146","174,995",
30-Sep-02,"136,107","180,997",
31-Oct-02,"138,647","181,069",
30-Nov-02,"139,472","176,062",
31-Dec-02,"139,451","184,715",
31-Jan-03,"141,391","179,528",
28-Feb-03,"140,516","179,925",
31-Mar-03,"144,267","176,955",
30-Apr-03,"143,237","168,756",
31-May-03,"153,725","178,946",
30-Jun-03,"168,281","190,026",
31-Jul-03,"174,427","199,973",
31-Aug-03,"167,200","188,112",
30-Sep-03,"171,194","189,826",
31-Oct-03,"175,428","191,554",
30-Nov-03,"182,587","184,899",
31-Dec-03,"181,459","199,297",
31-Jan-04,"189,429","198,628",
29-Feb-04,"190,448","200,323",
31-Mar-04,"191,451","203,953",
30-Apr-04,"198,778","217,992",
31-May-04,"193,843","219,640",
30-Jun-04,"193,993","220,781",
31-Jul-04,"187,844","220,196",
31-Aug-04,"187,828","217,945",
30-Sep-04,"193,668","220,860",
31-Oct-04,"197,999","218,090",
30-Nov-04,"211,012","223,928",
31-Dec-04,"217,573","238,192",
31-Jan-05,"220,122","230,624",
28-Feb-05,"223,155","224,392",
31-Mar-05,"226,876","234,533",
30-Apr-05,"217,447","223,839",
31-May-05,"219,404","224,933",
30-Jun-05,"224,153","234,352",
31-Jul-05,"233,585","224,242",
31-Aug-05,"231,400","225,410",
30-Sep-05,"244,669","238,929",
31-Oct-05,"239,868","243,174",
30-Nov-05,"242,904","241,695",
31-Dec-05,"244,098","263,205",
31-Jan-06,"255,795","255,819",
28-Feb-06,"249,609","257,573",
31-Mar-06,"259,370","258,928",
30-Apr-06,"265,164","259,342",
31-May-06,"255,608","264,307",
30-Jun-06,"251,495","280,275",
31-Jul-06,"256,016","269,376",
31-Aug-06,"249,368","269,423",
30-Sep-06,"261,769","268,612",
31-Oct-06,"267,710","267,462",
30-Nov-06,"294,899","290,910",
31-Dec-06,"303,288","299,023",
31-Jan-07,"311,506","292,521",
28-Feb-07,"321,171","300,072",
31-Mar-07,"317,737","305,479",
30-Apr-07,"342,084","314,744",
31-May-07,"382,312","334,359",
30-Jun-07,"408,444","347,617",
31-Jul-07,"416,403","380,971",
31-Aug-07,"362,475","381,550",
30-Sep-07,"359,104","377,364",
31-Oct-07,"376,979","392,543",
30-Nov-07,"379,593","426,721",
31-Dec-07,"355,292","456,353",
31-Jan-08,"365,592","474,496",
29-Feb-08,"377,088","454,785",
31-Mar-08,"349,419","488,831",
30-Apr-08,"332,303","472,371",
31-May-08,"341,610","470,188",
30-Jun-08,"346,892","499,634",
31-Jul-08,"343,297","519,226",
31-Aug-08,"324,814","530,042",
30-Sep-08,"345,745","381,702",
31-Oct-08,"277,568","383,429",
30-Nov-08,"227,334","364,232",
31-Dec-08,"210,185","345,713",
31-Jan-09,"205,007","316,763",
28-Feb-09,"199,655","310,503",
31-Mar-09,"203,967","291,927",
30-Apr-09,"208,010","285,658",
31-May-09,"214,401","275,313",
30-Jun-09,"217,140","283,874",
31-Jul-09,"228,734","277,082",
31-Aug-09,"236,251","281,989",
30-Sep-09,"254,107","287,196",
31-Oct-09,"265,404","299,858",
30-Nov-09,"250,988","284,071",
31-Dec-09,"262,399","281,043",
31-Jan-10,"266,455","281,035",
28-Feb-10,"263,657","106,131","164,624"
31-Mar-10,"277,798","108,908","162,169"
30-Apr-10,"295,550","111,217","160,630"
31-May-10,"268,566","114,051","166,706"
30-Jun-10,"263,202","114,265","172,908"
31-Jul-10,"267,468","106,290","172,179"
31-Aug-10,"268,371","106,870","174,209"
30-Sep-10,"288,540","114,321","173,544"
31-Oct-10,"303,428","114,784","176,588"
30-Nov-10,"309,340","119,305","176,805"
31-Dec-10,"313,678","126,098","182,426"
31-Jan-11,"326,868","130,894","173,545"
28-Feb-11,"348,979","135,760","179,102"
31-Mar-11,"355,413","133,386","170,139"
30-Apr-11,"360,883","133,131","175,399"
31-May-11,"355,736","133,727","175,508"
30-Jun-11,"345,273","139,575","183,547"
31-Jul-11,"344,572","138,316","182,957"
31-Aug-11,"308,866","135,508","193,533"
30-Sep-11,"298,277","141,806","204,307"
31-Oct-11,"317,028","133,639","188,141"
30-Nov-11,"303,930","132,934","188,259"
31-Dec-11,"301,616","142,533","189,143"
31-Jan-12,"309,844","137,309","174,889"
29-Feb-12,"323,021","139,609","177,639"
31-Mar-12,"330,815","142,297","182,814"
30-Apr-12,"335,154","138,909","182,021"
31-May-12,"315,147","139,111","187,938"
30-Jun-12,"320,952","138,937","192,149"
31-Jul-12,"313,525","124,330","194,741"
31-Aug-12,"320,395","124,276","196,786"
30-Sep-12,"339,159","129,389","205,176"
31-Oct-12,"342,325","124,800","200,406"
30-Nov-12,"351,441","135,650","202,425"
31-Dec-12,"355,009","162,206","211,576"
31-Jan-13,"388,123","142,856","199,709"
28-Feb-13,"390,351","142,123","208,682"
31-Mar-13,"403,933","144,530","197,887"
30-Apr-13,"408,677","140,706","191,719"
31-May-13,"401,606","146,765","199,756"
30-Jun-13,"407,681","150,093","200,308"
31-Jul-13,"412,101","144,495","194,790"
31-Aug-13,"414,442","143,808","195,181"
30-Sep-13,"432,852","149,895","197,780"
31-Oct-13,"445,022","151,494","199,889"
30-Nov-13,"456,378","150,214","199,153"
31-Dec-13,"478,502","157,000","197,521"
31-Jan-14,"487,549","151,878","195,863"
28-Feb-14,"502,093","154,049","190,312"
31-Mar-14,"487,932","156,083","194,461"
30-Apr-14,"475,195","149,801","194,679"
31-May-14,"475,362","150,474","188,551"
30-Jun-14,"502,270","160,293","184,723"
31-Jul-14,"498,671","155,931","177,981"
31-Aug-14,"501,000","155,245","180,820"
30-Sep-14,"503,901","161,621","183,243"
31-Oct-14,"492,888","158,624","185,193"
30-Nov-14,"496,341","158,420","184,227"
31-Dec-14,"495,756","169,295","181,223"
31-Jan-15,"485,872","163,599","178,259"
28-Feb-15,"504,923","168,371","170,930"
31-Mar-15,"518,055","171,625","170,074"
30-Apr-15,"549,964","168,430","167,073"
31-May-15,"541,671","166,334","169,076"
30-Jun-15,"547,957","170,614","168,441"
31-Jul-15,"530,744","168,659","169,132"
31-Aug-15,"515,960","175,647","168,692"
30-Sep-15,"497,279","173,760","167,132"
31-Oct-15,"513,941","174,437","163,210"
30-Nov-15,"515,410","174,607","165,584"
31-Dec-15,"503,444","181,812","159,677"
31-Jan-16,"487,200","180,616","162,825"
29-Feb-16,"474,156","178,989","168,308"
31-Mar-16,"483,909","182,673","172,525"
30-Apr-16,"495,178","176,016","187,000"
31-May-16,"489,867","177,161","187,495"
30-Jun-16,"487,636","186,233","189,585"
31-Jul-16,"513,221","183,435","188,155"
31-Aug-16,"510,157","177,764","185,695"
30-Sep-16,"540,615","184,757","182,833"
31-Oct-16,"523,760","182,051","182,986"
30-Nov-16,"539,972","179,598","187,085"
31-Dec-16,"529,372","188,062","189,979"
31-Jan-17,"553,557","186,301","186,029"
28-Feb-17,"568,637","185,720","184,598"
31-Mar-17,"577,674","186,892","184,977"
30-Apr-17,"590,797","180,908","184,930"
31-May-17,"582,764","176,970","185,463"
30-Jun-17,"584,258","176,707","187,500"
31-Jul-17,"594,414","173,195","184,246"
31-Aug-17,"596,567","170,524","183,744"
30-Sep-17,"606,334","172,872","183,599"
31-Oct-17,"607,838","169,368","184,047"
30-Nov-17,"627,422","170,948","185,312"
31-Dec-17,"642,798","172,999","182,773"
31-Jan-18,"665,716","168,450","181,763"
28-Feb-18,"645,064","164,657","183,267"
31-Mar-18,"645,235","166,148","180,751"
30-Apr-18,"652,303","155,989","179,410"
31-May-18,"668,940","155,344","181,890"
30-Jun-18,"646,931","157,150","179,399"
31-Jul-18,"652,790","148,947","178,299"
31-Aug-18,"652,395","148,873","178,601"
30-Sep-18,"648,126","151,384","188,152"
31-Oct-18,"607,645","148,037","183,432"
30-Nov-18,"592,593","146,452","178,810"
31-Dec-18,"554,285","159,572","190,743"
31-Jan-19,"568,433","151,804","186,050"
28-Feb-19,"581,205","149,686","181,955"
31-Mar-19,"574,013","141,074","180,765"
30-Apr-19,"588,721","143,802","178,523"
31-May-19,"568,751","137,489","179,019"
30-Jun-19,"596,304","139,826","179,542"
31-Jul-19,"602,139","138,703","182,613"
31-Aug-19,"564,894","135,567","181,451"
30-Sep-19,"555,910","150,648","187,887"
31-Oct-19,"554,604","145,650","183,966"
30-Nov-19,"563,482","146,935","186,866"
31-Dec-19,"579,221","151,543","186,315"
31-Jan-20,"561,812","152,854","186,847"
29-Feb-20,"545,127","163,001","197,716"
31-Mar-20,"479,291","191,046","226,202"
30-Apr-20,"524,696","180,942","217,187"
31-May-20,"552,543","175,794","210,935"
30-Jun-20,"584,676","185,497","229,078"
31-Jul-20,"613,830","181,420","223,768"
31-Aug-20,"645,547","185,113","215,042"
30-Sep-20,"654,324","189,462","211,547"
31-Oct-20,"659,313","193,293","217,739"
30-Nov-20,"722,118","200,723","221,567"
31-Dec-20,"778,037","224,987","227,127"
31-Jan-21,"798,605","224,133","241,220"
28-Feb-21,"813,680","220,840","240,481"
31-Mar-21,"822,551","219,522","237,154"
30-Apr-21,"847,186","218,132","233,145"
31-May-21,"861,626","213,356","234,992"
30-Jun-21,"882,103","221,862","239,290"
31-Jul-21,"844,324","215,463","195,762"
31-Aug-21,"911,545","219,365","198,913"
30-Sep-21,"903,117","229,279","205,564"
31-Oct-21,"935,862","226,159","200,548"
30-Nov-21,"918,598","235,638","211,623"
31-Dec-21,"910,021","250,435","215,116"
31-Jan-22,"829,637","247,752","194,545"
28-Feb-22,"835,255","250,686","195,269"
31-Mar-22,"799,660","256,076","196,008"
30-Apr-22,"772,940","242,724","188,652"
31-May-22,"752,944","244,857","184,151"
30-Jun-22,"683,445","249,399","186,931"
31-Jul-22,"696,781","232,147","177,054"
31-Aug-22,"687,787","226,182","175,974"
30-Sep-22,"664,009","223,400","173,050"
31-Oct-22,"649,618","216,057","172,976"
30-Nov-22,"643,783","205,158","165,434"
31-Dec-22,"606,659","205,902","164,065"
31-Jan-23,"641,228","208,720","161,224"
28-Feb-23,"624,379","198,644","159,103"
31-Mar-23,"645,429","191,618","152,014"
30-Apr-23,"631,949","175,460","145,594"
31-May-23,"644,170","178,576","147,377"
30-Jun-23,"681,228","181,569","145,173"
31-Jul-23,"709,834","174,804","147,921"
31-Aug-23,"689,185","177,711","145,989"
30-Sep-23,"680,846","153,918","141,751"
31-Oct-23,"635,276","162,865","142,117"
30-Nov-23,"660,887","171,207","146,319"
31-Dec-23,"700,774","161,639","147,019"
31-Jan-24,"701,975","165,025","144,941"
29-Feb-24,"742,963","166,144","150,620"
31-Mar-24,"784,136","166,990","151,339"
30-Apr-24,"775,464","161,749","149,855"
31-May-24,"809,431","155,256","145,072"
30-Jun-24,"809,322","157,240","149,714"
31-Jul-24,"810,835","154,951","150,738"
31-Aug-24,"797,162","148,702","152,107"
30-Sep-24,"813,211","167,901","158,358"
31-Oct-24,"815,369","173,621","164,813"
30-Nov-24,"890,852","170,052","167,223"
31-Dec-24,"899,168","181,280","175,795"
31-Jan-25,"937,253","178,301","166,346"
28-Feb-25,"918,144","183,278","176,051"
31-Mar-25,"880,316","189,855","176,161"
30-Apr-25,"850,558","187,958","175,824"
31-May-25,"920,960","187,685","176,698"
30-Jun-25,"1,007,961","200,573","185,584"
31-Jul-25,"1,022,548","194,712","186,672"
31-Aug-25,"1,059,723","188,221","181,563"
30-Sep-25,"1,126,494","204,106","194,884"