Symbol,Name,AUM,Avg Daily Share Volume (3mo)
VOO,Vanguard S&P 500 ETF,"$871,216,000.00 ","10,516,507"
IVV,iShares Core S&P 500 ETF,"$745,527,000.00 ","9,616,884"
SPY,State Street SPDR S&P 500 ETF,"$686,408,000.00 ","82,075,367"
VTI,Vanguard Total Stock Market ETF,"$586,721,000.00 ","5,987,684"
QQQ,Invesco QQQ Trust Series I,"$393,107,000.00 ","58,995,684"
VEA,Vanguard FTSE Developed Markets ETF,"$212,270,000.00 ","20,121,709"
VUG,Vanguard Growth ETF,"$197,351,000.00 ","1,645,916"
GLD,SPDR Gold Shares,"$178,032,000.00 ","17,924,104"
IEFA,iShares Core MSCI EAFE ETF,"$175,690,000.00 ","15,572,646"
VTV,Vanguard Value ETF,"$172,143,000.00 ","4,243,397"
BND,Vanguard Total Bond Market ETF,"$153,028,000.00 ","9,466,746"
AGG,iShares Core U.S. Aggregate Bond ETF,"$140,222,000.00 ","9,142,005"
IEMG,iShares Core MSCI Emerging Markets ETF,"$139,187,000.00 ","17,254,109"
VXUS,Vanguard Total International Stock ETF,"$139,136,000.00 ","9,646,910"
IWF,iShares Russell 1000 Growth ETF,"$117,331,000.00 ","2,774,585"
VWO,Vanguard FTSE Emerging Markets ETF,"$112,856,000.00 ","12,628,312"
IJH,iShares Core S&P Mid-Cap ETF,"$110,795,000.00 ","14,912,526"
VGT,Vanguard Information Technology ETF,"$110,317,000.00 ","528,757"
SPYM,State Street SPDR Portfolio S&P 500 ETF,"$108,190,000.00 ","11,814,141"
VIG,Vanguard Dividend Appreciation ETF,"$104,009,000.00 ","1,614,336"
VO,Vanguard Mid-Cap ETF,"$96,544,400.00 ","834,085"
IJR,iShares Core S&P Small-Cap ETF,"$96,027,500.00 ","5,872,964"
RSP,Invesco S&P 500¨ Equal Weight ETF,"$89,551,200.00 ","18,624,717"
XLK,State Street Technology Select Sector SPDR ETF,"$88,372,200.00 ","17,194,678"
SCHD,Schwab US Dividend Equity ETF,"$85,406,900.00 ","21,283,402"
ITOT,iShares Core S&P Total U.S. Stock Market ETF,"$82,550,600.00 ","5,012,472"
IAU,iShares Gold Trust,"$82,504,300.00 ","14,892,118"
BNDX,Vanguard Total International Bond ETF,"$77,996,600.00 ","5,976,812"
SGOV,iShares 0-3 Month Treasury Bond ETF,"$76,227,900.00 ","15,990,138"
VYM,Vanguard High Dividend Yield Index ETF,"$74,806,200.00 ","1,677,964"
EFA,iShares MSCI EAFE ETF,"$74,732,300.00 ","21,980,322"
VB,Vanguard Small Cap ETF,"$73,952,300.00 ","760,233"
IWM,iShares Russell 2000 ETF,"$73,739,400.00 ","39,028,965"
QQQM,Invesco NASDAQ 100 ETF,"$71,415,300.00 ","5,355,349"
IWD,iShares Russell 1000 Value ETF,"$70,273,200.00 ","4,020,187"
VCIT,Vanguard Intermediate-Term Corporate Bond ETF,"$65,823,100.00 ","11,171,515"
VT,Vanguard Total World Stock ETF,"$64,618,000.00 ","4,932,841"
IVW,iShares S&P 500 Growth ETF,"$64,473,000.00 ","3,926,010"
SCHX,Schwab U.S. Large-Cap ETF,"$64,224,600.00 ","20,789,434"
VEU,Vanguard FTSE All-World ex-US Index Fund,"$61,111,100.00 ","4,027,438"
SCHF,Schwab International Equity ETF,"$59,051,900.00 ","12,570,416"
IBIT,iShares Bitcoin Trust ETF,"$57,090,700.00 ","66,799,148"
IXUS,iShares Core MSCI Total International Stock ETF,"$54,463,200.00 ","2,914,059"
SCHG,Schwab U.S. Large-Cap Growth ETF,"$50,979,700.00 ","14,728,973"
IVE,iShares S&P 500 Value ETF,"$50,265,400.00 ","991,090"
QUAL,iShares MSCI USA Quality Factor ETF,"$50,090,400.00 ","1,757,707"
IWR,iShares Russell Midcap ETF,"$49,282,100.00 ","2,352,974"
XLF,State Street Financial Select Sector SPDR ETF,"$49,227,000.00 ","48,795,961"
IEF,iShares 7-10 Year Treasury Bond ETF,"$48,437,200.00 ","8,994,698"
VV,Vanguard Large Cap ETF,"$47,548,000.00 ","399,128"
IWB,iShares Russell 1000 ETF,"$45,886,100.00 ","1,452,172"
SMH,VanEck Semiconductor ETF,"$45,138,800.00 ","7,361,444"
TLT,iShares 20+ Year Treasury Bond ETF,"$45,094,700.00 ","37,861,113"
JEPI,JPMorgan Equity Premium Income Fund,"$44,583,200.00 ","5,302,538"
DIA,State Street SPDR Dow Jones Industrial Average ETF Trust,"$44,145,200.00 ","6,238,808"
SLV,iShares Silver Trust,"$44,108,100.00 ","108,958,617"
BSV,Vanguard Short-Term Bond ETF,"$44,003,900.00 ","3,088,695"
SPYG,State Street SPDR Portfolio S&P 500 Growth ETF,"$43,937,700.00 ","4,977,323"
BIL,State Street SPDR Bloomberg 1-3 Month T-Bill ETF,"$43,515,900.00 ","8,655,528"
MUB,iShares National Muni Bond ETF,"$42,837,900.00 ","3,583,462"
DFAC,Dimensional U.S. Core Equity 2 ETF,"$42,130,000.00 ","2,913,864"
XLV,State Street Health Care Select Sector SPDR ETF,"$41,741,500.00 ","12,828,831"
VTEB,Vanguard Tax-Exempt Bond ETF,"$41,575,600.00 ","7,410,843"
VCSH,Vanguard Short-Term Corporate Bond ETF,"$40,616,400.00 ","5,222,274"
VGIT,Vanguard Intermediate-Term Treasury ETF,"$40,050,100.00 ","3,756,636"
MBB,iShares MBS ETF,"$39,374,600.00 ","2,753,966"
VONG,Vanguard Russell 1000 Growth ETF,"$39,113,100.00 ","3,151,892"
XLE,State Street Energy Select Sector SPDR ETF,"$38,766,500.00 ","49,070,492"
DGRO,iShares Core Dividend Growth ETF,"$38,675,000.00 ","2,256,508"
SCHB,Schwab U.S. Broad Market ETF,"$38,646,100.00 ","8,916,483"
SPDW,State Street SPDR Portfolio Developed World ex-US ETF,"$37,610,800.00 ","4,970,505"
JPST,JPMorgan Ultra-Short Income ETF,"$37,593,700.00 ","6,371,935"
VNQ,Vanguard Real Estate ETF,"$36,965,900.00 ","4,106,349"
IUSB,iShares Core Total USD Bond Market ETF,"$36,008,700.00 ","2,990,372"
GOVT,iShares U.S. Treasury Bond ETF,"$35,884,400.00 ","7,492,360"
JEPQ,JPMorgan NASDAQ Equity Premium Income ETF,"$34,686,800.00 ","5,772,659"
VBR,Vanguard Small Cap Value ETF,"$34,150,100.00 ","405,343"
GDX,VanEck Gold Miners ETF,"$33,589,400.00 ","27,076,709"
DYNF,iShares U.S. Equity Factor Rotation Active ETF,"$33,402,800.00 ","3,596,043"
GLDM,SPDR Gold Minishares Trust of beneficial interest,"$33,365,500.00 ","11,586,841"
SPYV,State Street SPDR Portfolio S&P 500 Value ETF,"$33,037,100.00 ","3,245,774"
VGK,Vanguard FTSE Europe ETF,"$31,379,100.00 ","3,235,426"
LQD,iShares iBoxx $ Investment Grade Corporate Bond ETF,"$31,248,600.00 ","32,345,000"
XLI,State Street Industrial Select Sector SPDR ETF,"$30,881,800.00 ","11,335,115"
CGDV,Capital Group Dividend Value ETF,"$30,668,000.00 ","5,417,859"
EFV,iShares MSCI EAFE Value ETF,"$30,068,000.00 ","2,736,777"
MGK,Vanguard Mega Cap Growth ETF,"$29,369,500.00 ","558,846"
IDEV,iShares Core MSCI International Developed Markets ETF,"$28,723,100.00 ","2,547,833"
OEF,iShares S&P 100 ETF,"$28,717,000.00 ","595,325"
ACWI,iShares MSCI ACWI ETF,"$28,641,200.00 ","5,166,962"
BIV,Vanguard Intermediate-Term Bond ETF,"$28,629,100.00 ","2,138,597"
VGSH,Vanguard Short-Term Treasury ETF,"$28,306,700.00 ","3,458,282"
EEM,iShares MSCI Emerging Markets ETF,"$28,295,700.00 ","39,250,961"
TQQQ,ProShares UltraPro QQQ,"$27,516,900.00 ","91,447,578"
IUSG,iShares Core S&P U.S. Growth ETF,"$27,175,600.00 ","719,043"
JAAA,Janus Henderson AAA CLO ETF,"$27,082,700.00 ","7,022,631"
USHY,iShares Broad USD High Yield Corporate Bond ETF,"$26,952,500.00 ","11,938,138"
XLC,State Street Communication Services Select Sector SPDR ETF,"$26,925,500.00 ","6,838,008"
VXF,Vanguard Extended Market ETF,"$26,474,500.00 ","492,790"
MDY,State Street SPDR S&P MIDCAP 400 ETF Trust,"$25,190,600.00 ","1,017,497"