Date,Currency,M1,M2,M3,DAX,DAX/Currency,DAX/M1,DAX/M2,DAX/M3
1/31/80,102253,444330,1070496,1097404,,,,,
2/29/80,103633,447116,1078232,1105520,,,,,
3/31/80,104128,451370,1088333,1117228,,,,,
4/30/80,104445,453226,1093263,1122639,,,,,
5/31/80,104711,455917,1100958,1130672,,,,,
6/30/80,105611,458753,1109205,1139157,,,,,
7/31/80,105670,464938,1120452,1150687,,,,,
8/31/80,106305,465216,1127098,1157482,,,,,
9/30/80,107165,466718,1133419,1164470,,,,,
10/31/80,107735,473228,1145159,1176441,,,,,
11/30/80,108567,476657,1160031,1192713,,,,,
12/31/80,109220,473379,1165452,1198927,,,,,
1/31/81,109369,476622,1175008,1209209,,,,,
2/28/81,110071,480316,1186668,1222048,,,,,
3/31/81,109225,481349,1194414,1233640,,,,,
4/30/81,110951,482746,1204188,1244293,,,,,
5/31/81,111486,486588,1215847,1257592,,,,,
6/30/81,112262,487093,1223076,1266536,,,,,
7/31/81,113367,488660,1230470,1275262,,,,,
8/31/81,112936,489042,1234000,1280121,,,,,
9/30/81,113331,493362,1246150,1293408,,,,,
10/31/81,113745,494975,1253958,1302173,,,,,
11/30/81,114208,497550,1264026,1313067,,,,,
12/31/81,115080,499258,1273805,1324037,,,,,
1/31/82,115312,504513,1287848,1338805,,,,,
2/28/82,115852,507652,1299092,1350759,,,,,
3/31/82,116326,512323,1313351,1366026,,,,,
4/30/82,117298,517834,1326733,1376835,,,,,
5/31/82,118955,519493,1334764,1385084,,,,,
6/30/82,119137,525037,1347524,1403542,,,,,
7/31/82,120662,527685,1358609,1414886,,,,,
8/31/82,120691,534112,1372472,1429591,,,,,
9/30/82,121217,537908,1382740,1440564,,,,,
10/31/82,122185,540880,1389853,1448567,,,,,
11/30/82,123286,548081,1401761,1461236,,,,,
12/31/82,122932,551435,1414556,1478452,,,,,
1/31/83,125359,556058,1425088,1488249,,,,,
2/28/83,126374,561066,1435898,1498226,,,,,
3/31/83,128012,564440,1443423,1505297,,,,,
4/30/83,128537,569885,1453878,1516179,,,,,
5/31/83,129566,574912,1464343,1527129,,,,,
6/30/83,130173,581509,1474969,1538465,,,,,
7/31/83,131516,586440,1486582,1550957,,,,,
8/31/83,132114,589345,1498206,1563091,,,,,
9/30/83,133154,590795,1503408,1569280,,,,,
10/31/83,133591,593003,1513481,1581495,,,,,
11/30/83,134028,597800,1526253,1595252,,,,,
12/31/83,134415,603201,1537092,1607971,,,,,
1/31/84,135572,605312,1543563,1616845,,,,,
2/29/84,136049,607750,1549774,1623473,,,,,
3/31/84,135889,610604,1559014,1633342,,,,,
4/30/84,136811,613037,1568820,1643658,,,,,
5/31/84,137414,618405,1583749,1659252,,,,,
6/30/84,138784,620180,1591965,1668177,,,,,
7/31/84,138670,623188,1603857,1681799,,,,,
8/31/84,139455,630220,1617813,1697027,,,,,
9/30/84,139809,633449,1631220,1711302,,,,,
10/31/84,141024,636282,1638411,1717983,,,,,
11/30/84,141442,641335,1649653,1729206,,,,,
12/31/84,141626,649438,1661882,1742791,,,,,
1/31/85,142409,655896,1676415,1758943,,,,,
2/28/85,142924,660173,1691806,1776558,,,,,
3/31/85,143802,662471,1700138,1788333,,,,,
4/30/85,144144,662313,1709983,1797511,,,,,
5/31/85,144745,664412,1715317,1804082,,,,,
6/30/85,145640,667103,1722006,1812216,,,,,
7/31/85,146070,673104,1731220,1823517,,,,,
8/31/85,147215,676373,1738364,1831278,,,,,
9/30/85,147622,681849,1746936,1840516,,,,,
10/31/85,148249,688046,1755357,1849577,,,,,
11/30/85,149113,691122,1760581,1856300,,,,,
12/31/85,149586,698795,1784034,1882118,,,,,
1/31/86,150242,702125,1792537,1891332,,,,,
2/28/86,151291,709952,1800828,1899853,,,,,
3/31/86,152373,724787,1818276,1919041,,,,,
4/30/86,153509,722982,1815354,1917327,,,,,
5/31/86,153973,730348,1824547,1927726,,,,,
6/30/86,154604,729246,1832456,1936535,,,,,
7/31/86,155392,737933,1847233,1950177,,,,,
8/31/86,156581,743114,1858580,1961502,,,,,
9/30/86,157194,748489,1872837,1976548,,,,,
10/31/86,157438,756418,1889296,1995452,,,,,
11/30/86,158416,758059,1896941,2004194,,,,,
12/31/86,159773,760344,1903734,2011545,,,,,
1/31/87,160186,767204,1918425,2026350,,,,,
2/28/87,161295,770640,1927091,2038106,,,,,
3/31/87,161391,777454,1940390,2053663,,,,,
4/30/87,164211,785292,1952955,2069485,,,,,
5/31/87,164813,788094,1962800,2084022,,,,,
6/30/87,166101,796118,1975973,2095216,,,,,
7/31/87,167801,800728,1985755,2109659,,,,,
8/31/87,168323,803222,1992865,2123852,,,,,
9/30/87,169670,809350,2002177,2137689,,,,,
10/31/87,170936,815589,2016290,2155101,,,,,
11/30/87,171911,816949,2024128,2168100,,,,,
12/31/87,172750,815428,2027444,2173838,1005,"5,819","1,233",496,462
1/31/88,173957,824174,2037581,2186450,936,"5,381","1,136",459,428
2/29/88,174937,827054,2046281,2197901,1083,"6,193","1,310",529,493
3/31/88,177212,832408,2057427,2210937,1062,"5,995","1,276",516,480
4/30/88,177252,843094,2076081,2234863,1049,"5,919","1,244",505,469
5/31/88,179806,848492,2090533,2252687,1076,"5,982","1,268",515,478
6/30/88,181010,854395,2100900,2262415,1134,"6,264","1,327",540,501
7/31/88,182512,863859,2116901,2280986,1179,"6,457","1,364",557,517
8/31/88,183714,868224,2131825,2300792,1169,"6,366","1,347",549,508
9/30/88,185014,869720,2139817,2315101,1254,"6,776","1,441",586,542
10/31/88,186569,877198,2154925,2334535,1308,"7,012","1,491",607,560
11/30/88,187463,881397,2167024,2349769,1274,"6,795","1,445",588,542
12/31/88,189804,882693,2173774,2358041,1330,"7,008","1,507",612,564
1/31/89,191064,888361,2185797,2374823,1324,"6,931","1,491",606,558
2/28/89,192521,893464,2197853,2393302,1290,"6,699","1,444",587,539
3/31/89,193910,908243,2222161,2423922,1320,"6,807","1,453",594,545
4/30/89,194812,901575,2224430,2431297,1374,"7,053","1,524",618,565
5/31/89,195548,907746,2240671,2452172,1407,"7,195","1,550",628,574
6/30/89,197473,920566,2263203,2480570,1477,"7,481","1,605",653,596
7/31/89,198021,926896,2280165,2502846,1549,"7,821","1,671",679,619
8/31/89,198127,933145,2292824,2519586,1595,"8,049","1,709",696,633
9/30/89,199930,935497,2303555,2534023,1571,"7,856","1,679",682,620
10/31/89,200062,941093,2312607,2548639,1465,"7,322","1,557",633,575
11/30/89,201096,947348,2326287,2568371,1556,"7,740","1,643",669,606
12/31/89,203800,956837,2343345,2593728,1778,"8,725","1,858",759,686
1/31/90,203425,965584,2360748,2621156,1821,"8,953","1,886",771,695
2/28/90,204849,965756,2368976,2636316,1807,"8,819","1,871",763,685
3/31/90,203933,965508,2371264,2644762,1967,"9,644","2,037",829,744
4/30/90,204598,966414,2378067,2655640,1813,"8,861","1,876",762,683
5/31/90,204506,972359,2386578,2670162,1837,"8,981","1,889",770,688
6/30/90,206184,1006819,2494707,2786501,1885,"9,141","1,872",755,676
7/31/90,210743,1014117,2506891,2804287,1923,"9,124","1,896",767,686
8/31/90,211584,1022099,2521801,2823790,1622,"7,666","1,587",643,574
9/30/90,212444,1028301,2539282,2846434,1328,"6,251","1,291",523,467
10/31/90,214281,1027958,2548320,2864450,1435,"6,694","1,395",563,501
11/30/90,215844,1033314,2560619,2884653,1437,"6,656","1,390",561,498
12/31/90,217643,1058884,2573883,2907362,1389,"6,384","1,312",540,478
1/31/91,219394,1056331,2583655,2923138,1421,"6,478","1,345",550,486
2/28/91,221115,1065570,2601663,2947536,1564,"7,075","1,468",601,531
3/31/91,221881,1059848,2601696,2954443,1515,"6,829","1,430",582,513
4/30/91,223647,1064370,2615487,2969291,1607,"7,185","1,510",614,541
5/31/91,224672,1070969,2630099,2986959,1708,"7,602","1,595",649,572
6/30/91,226251,1073039,2639742,3003602,1624,"7,177","1,513",615,541
7/31/91,227952,1080404,2650528,3025478,1619,"7,104","1,499",611,535
8/31/91,229666,1083755,2665240,3050014,1650,"7,184","1,522",619,541
9/30/91,230610,1081506,2672023,3064203,1605,"6,962","1,484",601,524
10/31/91,232753,1081901,2683318,3083316,1580,"6,787","1,460",589,512
11/30/91,233968,1091345,2704447,3109460,1571,"6,715","1,440",581,505
12/31/91,235831,1099507,2722085,3132988,1577,"6,688","1,435",579,503
1/31/92,234650,1093150,2720803,3137429,1686,"7,184","1,542",620,537
2/29/92,236059,1092910,2729621,3152683,1747,"7,400","1,598",640,554
3/31/92,236292,1100845,2747609,3174957,1718,"7,272","1,561",625,541
4/30/92,239722,1108333,2764811,3206393,1728,"7,209","1,559",625,539
5/31/92,240527,1114672,2778249,3232729,1806,"7,510","1,621",650,559
6/30/92,240994,1109260,2784130,3249564,1755,"7,282","1,582",630,540
7/31/92,244006,1113660,2792853,3271402,1608,"6,592","1,444",576,492
8/31/92,245014,1115857,2803439,3285469,1530,"6,244","1,371",546,466
9/30/92,247483,1128821,2836589,3332285,1470,"5,940","1,302",518,441
10/31/92,248806,1132818,2839113,3336785,1490,"5,987","1,315",525,446
11/30/92,251552,1145342,2860628,3361978,1545,"6,142","1,349",540,460
12/31/92,256622,1144131,2853356,3365086,1538,"5,995","1,345",539,457
1/31/93,255640,1139862,2861813,3378259,1574,"6,157","1,381",550,466
2/28/93,256231,1141771,2876975,3396757,1680,"6,557","1,471",584,495
3/31/93,257574,1152504,2905799,3441196,1677,"6,510","1,455",577,487
4/30/93,258474,1155244,2918598,3450523,1627,"6,294","1,408",557,471
5/31/93,260641,1159512,2937506,3469532,1627,"6,243","1,403",554,469
6/30/93,260536,1166557,2950419,3479485,1701,"6,529","1,458",577,489
7/31/93,261775,1170031,2962145,3487064,1823,"6,964","1,558",615,523
8/31/93,262865,1175388,2977872,3503529,1932,"7,349","1,644",649,551
9/30/93,263149,1183230,2989060,3515151,1910,"7,259","1,614",639,543
10/31/93,265253,1198003,3013455,3540903,2065,"7,785","1,724",685,583
11/30/93,267315,1213444,3037935,3562936,2053,"7,680","1,692",676,576
12/31/93,268575,1221682,3067025,3588556,2255,"8,397","1,846",735,628
1/31/94,270347,1234252,3085865,3598429,2193,"8,110","1,776",711,609
2/28/94,271858,1241994,3101072,3606066,2103,"7,737","1,693",678,583
3/31/94,274492,1254183,3125371,3622879,2143,"7,807","1,709",686,591
4/30/94,275195,1257216,3133464,3633025,2253,"8,185","1,792",719,620
5/31/94,276492,1251928,3135071,3632446,2137,"7,730","1,707",682,588
6/30/94,276827,1260722,3145542,3642375,2021,"7,300","1,603",642,555
7/31/94,277701,1262275,3155590,3656552,2152,"7,750","1,705",682,589
8/31/94,279086,1268603,3157950,3656590,2207,"7,908","1,740",699,604
9/30/94,281391,1271745,3162985,3656168,2002,"7,116","1,574",633,548
10/31/94,282149,1278103,3169833,3670601,2062,"7,307","1,613",650,562
11/30/94,282273,1273612,3167131,3678013,2057,"7,288","1,615",650,559
12/31/94,283198,1273837,3159101,3672401,2098,"7,407","1,647",664,571
1/31/95,284109,1270347,3158136,3679631,2025,"7,127","1,594",641,550
2/28/95,285191,1279599,3172336,3700799,2098,"7,356","1,639",661,567
3/31/95,285602,1279786,3176992,3698901,1915,"6,704","1,496",603,518
4/30/95,286086,1280661,3182541,3709760,2018,"7,054","1,576",634,544
5/31/95,286426,1288668,3197971,3730389,2100,"7,332","1,630",657,563
6/30/95,287634,1291901,3212302,3752177,2089,"7,263","1,617",650,557
7/31/95,286447,1295406,3220407,3758401,2223,"7,759","1,716",690,591
8/31/95,287771,1300280,3233209,3781841,2234,"7,764","1,718",691,591
9/30/95,290032,1313848,3256397,3804491,2201,"7,590","1,675",676,579
10/31/95,290486,1312908,3269129,3820462,2166,"7,456","1,650",662,567
11/30/95,291371,1320636,3280691,3840964,2255,"7,739","1,707",687,587
12/31/95,294475,1349298,3312463,3877110,2261,"7,677","1,675",682,583
1/31/96,294181,1342826,3319911,3891983,2463,"8,372","1,834",742,633
2/29/96,294551,1342788,3329074,3906146,2485,"8,437","1,851",747,636
3/31/96,296130,1347622,3337370,3919392,2489,"8,406","1,847",746,635
4/30/96,297311,1360812,3358564,3933563,2493,"8,384","1,832",742,634
5/31/96,298591,1367743,3368180,3940474,2524,"8,452","1,845",749,640
6/30/96,299440,1370698,3382265,3948661,2570,"8,584","1,875",760,651
7/31/96,299901,1379242,3397399,3963579,2492,"8,308","1,806",733,629
8/31/96,301757,1391358,3412208,3982902,2534,"8,399","1,822",743,636
9/30/96,302648,1403713,3430659,4002704,2655,"8,774","1,892",774,663
10/31/96,304378,1413817,3436406,4007200,2671,"8,777","1,889",777,667
11/30/96,305532,1431291,3455104,4016115,2849,"9,324","1,990",825,709
12/31/96,306323,1458860,3485231,4037575,2880,"9,402","1,974",826,713
1/31/97,307767,1455766,3482856,4040762,3038,"9,870","2,087",872,752
2/28/97,309005,1462263,3493517,4054012,3261,"10,553","2,230",933,804
3/31/97,309600,1462135,3496684,4061573,3408,"11,007","2,331",975,839
4/30/97,310245,1462884,3498629,4068933,3438,"11,082","2,350",983,845
5/31/97,310223,1481529,3514659,4097362,3563,"11,484","2,405","1,014",870
6/30/97,310573,1497996,3533982,4121578,3767,"12,129","2,515","1,066",914
7/31/97,310786,1511944,3548645,4143617,4406,"14,175","2,914","1,241","1,063"
8/31/97,312246,1519774,3558109,4146012,3920,"12,554","2,579","1,102",945
9/30/97,313371,1529659,3570962,4169047,4155,"13,259","2,716","1,164",997
10/31/97,313143,1553269,3595263,4191990,3754,"11,987","2,417","1,044",895
11/30/97,313724,1552044,3600773,4201492,3972,"12,661","2,559","1,103",945
12/31/97,313675,1566011,3615677,4222019,4224,"13,467","2,697","1,168","1,001"
1/31/98,313975,1574257,3638426,4244379,4443,"14,149","2,822","1,221","1,047"
2/28/98,315348,1586035,3656642,4255439,4694,"14,885","2,959","1,284","1,103"
3/31/98,315459,1606018,3666674,4267921,5097,"16,158","3,174","1,390","1,194"
4/30/98,315678,1619997,3695000,4298513,5241,"16,603","3,235","1,418","1,219"
5/31/98,315974,1633711,3718207,4316033,5557,"17,587","3,401","1,495","1,288"
6/30/98,315666,1657166,3742800,4340943,5842,"18,506","3,525","1,561","1,346"
7/31/98,315441,1652445,3735036,4362649,5861,"18,581","3,547","1,569","1,343"
8/31/98,315780,1659698,3747240,4368163,4811,"15,236","2,899","1,284","1,101"
9/30/98,314282,1668328,3756213,4371401,4431,"14,099","2,656","1,180","1,014"
10/31/98,314232,1683846,3776275,4410036,4691,"14,928","2,786","1,242","1,064"
11/30/98,314815,1702749,3805327,4417203,5026,"15,965","2,952","1,321","1,138"
12/31/98,315007,1726398,3848054,4422982,5007,"15,894","2,900","1,301","1,132"
1/31/99,316882,1807005,3930982,4447197,5180,"16,348","2,867","1,318","1,165"
2/28/99,317262,1785973,3905442,4436979,4904,"15,457","2,746","1,256","1,105"
3/31/99,319657,1806407,3930847,4453500,4865,"15,220","2,693","1,238","1,092"
4/30/99,321018,1823152,3952443,4488386,5360,"16,698","2,940","1,356","1,194"
5/31/99,322437,1836913,3968746,4505279,5069,"15,720","2,759","1,277","1,125"
6/30/99,324781,1858495,3988595,4537054,5379,"16,560","2,894","1,348","1,185"
7/31/99,326908,1882493,4023726,4565970,5102,"15,606","2,710","1,268","1,117"
8/31/99,329004,1879218,4024225,4572050,5271,"16,020","2,805","1,310","1,153"
9/30/99,329374,1886642,4029253,4594744,5150,"15,635","2,730","1,278","1,121"
10/31/99,330906,1900478,4052935,4616547,5525,"16,698","2,907","1,363","1,197"
11/30/99,332895,1912382,4066747,4646110,5896,"17,711","3,083","1,450","1,269"
12/31/99,341192,1925201,4078868,4667221,6958,"20,394","3,614","1,706","1,491"
1/31/00,338252,1986266,4121606,4713205,6836,"20,209","3,441","1,658","1,450"
2/29/00,338177,1987628,4136412,4735956,7645,"22,605","3,846","1,848","1,614"
3/31/00,338104,2003675,4149339,4766006,7599,"22,476","3,793","1,831","1,594"
4/30/00,338077,2022293,4174322,4802801,7415,"21,932","3,666","1,776","1,544"
5/31/00,339633,2005841,4168507,4795425,7110,"20,933","3,544","1,706","1,483"
6/30/00,339702,2001262,4171277,4788838,6898,"20,307","3,447","1,654","1,440"
7/31/00,338861,2011982,4183450,4803137,7190,"21,219","3,574","1,719","1,497"
8/31/00,338998,2022187,4209465,4828781,7216,"21,288","3,569","1,714","1,494"
9/30/00,340027,2015210,4212330,4830524,6798,"19,993","3,373","1,614","1,407"
10/31/00,340479,2022687,4225858,4847849,7077,"20,787","3,499","1,675","1,460"
11/30/00,338400,2019092,4226830,4851550,6372,"18,831","3,156","1,508","1,313"
12/31/00,338222,2025182,4226952,4859203,6434,"19,022","3,177","1,522","1,324"
1/31/01,341715,2094231,4340387,5024537,6795,"19,885","3,245","1,566","1,352"
2/28/01,341389,2104954,4363192,5049678,6208,"18,185","2,949","1,423","1,229"
3/31/01,338758,2106179,4382791,5079966,5830,"17,210","2,768","1,330","1,148"
4/30/01,337223,2124789,4412550,5111811,6265,"18,577","2,948","1,420","1,225"
5/31/01,332581,2142955,4429759,5142003,6123,"18,411","2,857","1,382","1,191"
6/30/01,330236,2158667,4467986,5192173,6058,"18,346","2,807","1,356","1,167"
7/31/01,324137,2157872,4481145,5214090,5861,"18,082","2,716","1,308","1,124"
8/31/01,318925,2173000,4501923,5249306,5188,"16,268","2,388","1,152",988
9/30/01,309476,2190698,4533918,5296229,4308,"13,921","1,967",950,813
10/31/01,298029,2202764,4553696,5334043,4559,"15,298","2,070","1,001",855
11/30/01,280120,2220198,4588671,5371237,4990,"17,813","2,248","1,087",929
12/31/01,233960,2221922,4615510,5402883,5160,"22,055","2,322","1,118",955
1/31/02,249531,2247196,4645232,5424797,5108,"20,469","2,273","1,100",942
2/28/02,243840,2248416,4650397,5431456,5039,"20,666","2,241","1,084",928
3/31/02,253514,2238965,4662027,5453968,5397,"21,290","2,411","1,158",990
4/30/02,263216,2273547,4697507,5482865,5041,"19,152","2,217","1,073",919
5/31/02,273249,2293570,4719009,5523451,4818,"17,633","2,101","1,021",872
6/30/02,283005,2304238,4735880,5539079,4383,"15,486","1,902",925,791
7/31/02,293161,2323079,4761547,5568190,3700,"12,622","1,593",777,665
8/31/02,300475,2340395,4785365,5606774,3713,"12,357","1,586",776,662
9/30/02,307939,2369110,4821013,5660669,2769,"8,992","1,169",574,489
10/31/02,315180,2380902,4847022,5680917,3153,"10,003","1,324",650,555
11/30/02,321594,2417288,4890882,5733178,3320,"10,325","1,374",679,579
12/31/02,334339,2442884,4915147,5767431,2893,"8,652","1,184",589,502
1/31/03,315310,2454715,4922129,5809186,2748,"8,715","1,119",558,473
2/28/03,323396,2481185,4968610,5857436,2547,"7,876","1,027",513,435
3/31/03,330370,2499997,5000011,5880069,2424,"7,337",970,485,412
4/30/03,337685,2531994,5048210,5957074,2942,"8,712","1,162",583,494
5/31/03,343303,2549757,5088934,5983094,2983,"8,688","1,170",586,499
6/30/03,348939,2558373,5096544,5990357,3221,"9,230","1,259",632,538
7/31/03,355944,2576935,5123636,6028830,3488,"9,799","1,353",681,579
8/31/03,362472,2607442,5160933,6054734,3485,"9,613","1,336",675,576
9/30/03,366636,2623849,5167505,6057142,3257,"8,883","1,241",630,538
10/31/03,372598,2655345,5200531,6110399,3656,"9,812","1,377",703,598
11/30/03,380184,2663643,5217471,6134302,3746,"9,853","1,406",718,611
12/31/03,389637,2681722,5238327,6148767,3965,"10,177","1,479",757,645
1/31/04,392689,2704804,5259980,6165335,4059,"10,335","1,501",772,658
2/29/04,398055,2722810,5281581,6201786,4018,"10,094","1,476",761,648
3/31/04,404025,2760683,5316424,6232560,3857,"9,546","1,397",725,619
4/30/04,409713,2776949,5341144,6260857,3985,"9,727","1,435",746,637
5/31/04,416557,2774765,5355734,6265034,3921,"9,414","1,413",732,626
6/30/04,421578,2796512,5385279,6315025,4053,"9,613","1,449",753,642
7/31/04,429126,2820299,5421035,6354328,3896,"9,078","1,381",719,613
8/31/04,434388,2834917,5438154,6375262,3785,"8,714","1,335",696,594
9/30/04,439851,2868123,5484081,6417367,3893,"8,850","1,357",710,607
10/31/04,445854,2888055,5518152,6461295,3960,"8,882","1,371",718,613
11/30/04,451289,2913177,5542737,6484681,4126,"9,143","1,416",744,636
12/31/04,457793,2905953,5573540,6540370,4256,"9,297","1,465",764,651
1/31/05,464278,2963795,5623288,6573488,4255,"9,164","1,436",757,647
2/28/05,469064,2990384,5653315,6608114,4350,"9,275","1,455",770,658
3/31/05,475726,3006328,5679341,6628904,4349,"9,141","1,447",766,656
4/30/05,481174,3024122,5721454,6682171,4185,"8,697","1,384",731,626
5/31/05,486778,3054725,5762299,6731012,4461,"9,164","1,460",774,663
6/30/05,493953,3256960,5824959,6807158,4586,"9,285","1,408",787,674
7/31/05,498261,3302577,5885266,6876098,4887,"9,807","1,480",830,711
8/31/05,502105,3323473,5914509,6910851,4830,"9,619","1,453",817,699
9/30/05,508701,3343523,5980748,6972348,5044,"9,916","1,509",843,723
10/31/05,512486,3370621,6001860,6991045,4929,"9,618","1,462",821,705
11/30/05,517649,3390768,6027064,7026011,5193,"10,033","1,532",862,739
12/31/05,520831,3422279,6093186,7087688,5408,"10,384","1,580",888,763
1/31/06,526589,3445371,6124570,7120559,5674,"10,775","1,647",926,797
2/28/06,531602,3470031,6175649,7170882,5796,"10,903","1,670",939,808
3/31/06,535629,3489442,6222149,7221902,5970,"11,146","1,711",959,827
4/30/06,539910,3523343,6295495,7303181,6010,"11,131","1,706",955,823
5/31/06,545009,3553540,6317503,7347101,5693,"10,445","1,602",901,775
6/30/06,550449,3560905,6363553,7384631,5683,"10,325","1,596",893,770
7/31/06,554690,3554322,6369246,7403368,5682,"10,244","1,599",892,767
8/31/06,559285,3565013,6406721,7475572,5860,"10,477","1,644",915,784
9/30/06,564879,3590868,6486139,7573385,6004,"10,629","1,672",926,793
10/31/06,570402,3589937,6500180,7598494,6269,"10,990","1,746",964,825
11/30/06,574070,3617914,6556170,7652322,6309,"10,990","1,744",962,824
12/31/06,579206,3696019,6663329,7753569,6597,"11,390","1,785",990,851
1/31/07,582166,3696560,6705357,7838901,6789,"11,662","1,837","1,012",866
2/28/07,586058,3718712,6739280,7889608,6715,"11,459","1,806",996,851
3/31/07,592039,3746750,6825507,8008864,6917,"11,683","1,846","1,013",864
4/30/07,594895,3744814,6850746,8032194,7409,"12,454","1,978","1,081",922
5/31/07,598220,3773413,6917829,8131881,7883,"13,177","2,089","1,140",969
6/30/07,601388,3794192,6987296,8206302,8007,"13,315","2,110","1,146",976
7/31/07,606047,3821040,7057569,8290084,7584,"12,514","1,985","1,075",915
8/31/07,610192,3810958,7100108,8344331,7638,"12,518","2,004","1,076",915
9/30/07,612128,3831681,7161755,8418602,7862,"12,843","2,052","1,098",934
10/31/07,617367,3829110,7267682,8541400,8019,"12,989","2,094","1,103",939
11/30/07,620797,3854352,7323179,8631497,7871,"12,678","2,042","1,075",912
12/31/07,625818,3839555,7356073,8647959,8067,"12,891","2,101","1,097",933
1/31/08,628747,3852397,7440745,8793038,6852,"10,897","1,779",921,779
2/29/08,634717,3845184,7505318,8843329,6748,"10,632","1,755",899,763
3/31/08,637093,3859561,7536659,8867136,6535,"10,257","1,693",867,737
4/30/08,643088,3840284,7616022,8940964,6949,"10,805","1,809",912,777
5/31/08,645540,3857591,7674618,9020742,7097,"10,994","1,840",925,787
6/30/08,648817,3857729,7700435,9044137,6418,"9,892","1,664",834,710
7/31/08,651200,3828594,7750811,9107460,6480,"9,950","1,692",836,711
8/31/08,654945,3822371,7787840,9143592,6422,"9,806","1,680",825,702
9/30/08,660529,3884458,7865188,9224888,5831,"8,828","1,501",741,632
10/31/08,700957,3977681,8010727,9369285,4988,"7,116","1,254",623,532
11/30/08,705333,3967905,8035211,9387004,4669,"6,620","1,177",581,497
12/31/08,710943,3992578,8041762,9402372,4810,"6,766","1,205",598,512
1/31/09,717157,4091136,8089401,9402776,4338,"6,049","1,060",536,461
2/28/09,721740,4132097,8112143,9436867,3844,"5,326",930,474,407
3/31/09,726363,4147215,8093515,9403303,4085,"5,624",985,505,434
4/30/09,730086,4190537,8145669,9451115,4769,"6,533","1,138",586,505
5/31/09,731494,4207878,8140833,9421585,4941,"6,754","1,174",607,524
6/30/09,732580,4258226,8155197,9428787,4809,"6,564","1,129",590,510
7/31/09,736606,4314634,8184207,9433131,5332,"7,239","1,236",652,565
8/31/09,740145,4346194,8176976,9387590,5465,"7,383","1,257",668,582
9/30/09,744300,4400713,8189516,9414236,5675,"7,625","1,290",693,603
10/31/09,747082,4448680,8195862,9383509,5415,"7,248","1,217",661,577
11/30/09,752075,4467737,8181093,9354834,5626,"7,481","1,259",688,601
12/31/09,757006,4499550,8207839,9349315,5957,"7,870","1,324",726,637
1/31/10,761587,4545385,8220765,9324051,5609,"7,365","1,234",682,602
2/28/10,765485,4568331,8228832,9323604,5598,"7,314","1,225",680,600
3/31/10,769916,4580958,8230444,9332304,6154,"7,992","1,343",748,659
4/30/10,773213,4632696,8264563,9377955,6136,"7,935","1,324",742,654
5/31/10,779296,4649309,8283333,9388633,5964,"7,653","1,283",720,635
6/30/10,783363,4674690,8314433,9240895,5966,"7,615","1,276",717,646
7/31/10,784955,4680518,8331067,9234411,6148,"7,832","1,314",738,666
8/31/10,788014,4693166,8367919,9264711,5925,"7,519","1,263",708,640
9/30/10,788812,4676240,8367910,9272702,6229,"7,897","1,332",744,672
10/31/10,790351,4678750,8387527,9268660,6601,"8,352","1,411",787,712
11/30/10,793412,4687979,8404159,9287184,6688,"8,430","1,427",796,720
12/31/10,795300,4710694,8423299,9298808,6914,"8,694","1,468",821,744
1/31/11,801182,4715716,8436054,9318798,7077,"8,834","1,501",839,759
2/28/11,803074,4718429,8444617,9327053,7272,"9,056","1,541",861,780
3/31/11,805292,4727336,8458122,9345311,7041,"8,744","1,489",832,753
4/30/11,806960,4712016,8456009,9350480,7514,"9,312","1,595",889,804
5/31/11,811421,4710610,8480338,9369117,7294,"8,989","1,548",860,778
6/30/11,815863,4728150,8495988,9386874,7376,"9,041","1,560",868,786
7/31/11,819886,4730745,8509521,9390737,7159,"8,731","1,513",841,762
8/31/11,822674,4764855,8558299,9461608,5785,"7,032","1,214",676,611
9/30/11,832312,4774497,8593759,9494473,5502,"6,611","1,152",640,579
10/31/11,839211,4779936,8572193,9454437,6141,"7,318","1,285",716,650
11/30/11,844176,4790210,8588089,9471859,6089,"7,213","1,271",709,643
12/31/11,844784,4803786,8607320,9498551,5898,"6,982","1,228",685,621
1/31/12,848703,4821347,8644031,9508245,6459,"7,610","1,340",747,679
2/29/12,851155,4824871,8679871,9535017,6856,"8,055","1,421",790,719
3/31/12,851832,4856040,8723292,9610720,6947,"8,155","1,431",796,723
4/30/12,849326,4831364,8704188,9575598,6761,"7,961","1,399",777,706
5/31/12,857067,4881060,8746773,9627462,6264,"7,309","1,283",716,651
6/30/12,863508,4909295,8779098,9658453,6416,"7,430","1,307",731,664
7/31/12,863768,4971911,8829323,9705253,6772,"7,840","1,362",767,698
8/31/12,867681,5004569,8846566,9697121,6971,"8,034","1,393",788,719
9/30/12,867475,5025079,8875881,9713753,7216,"8,319","1,436",813,743
10/31/12,867291,5072266,8948155,9774469,7261,"8,372","1,431",811,743
11/30/12,865555,5096612,8975122,9777752,7406,"8,556","1,453",825,757
12/31/12,864527,5102595,8998474,9785187,7612,"8,805","1,492",846,778
1/31/13,862349,5105555,9014275,9767605,7776,"9,017","1,523",863,796
2/28/13,863357,5144982,9049240,9784933,7742,"8,967","1,505",856,791
3/31/13,867128,5173010,9079682,9803199,7795,"8,990","1,507",859,795
4/30/13,877457,5215171,9108326,9822063,7914,"9,019","1,517",869,806
5/31/13,880211,5241782,9129445,9837477,8349,"9,485","1,593",914,849
6/30/13,881983,5240787,9126627,9818212,7959,"9,024","1,519",872,811
7/31/13,885851,5272637,9147571,9832329,8276,"9,342","1,570",905,842
8/31/13,891256,5314438,9183775,9874715,8103,"9,092","1,525",882,821
9/30/13,894368,5345103,9198843,9868977,8594,"9,609","1,608",934,871
10/31/13,900138,5380840,9219721,9877942,9034,"10,036","1,679",980,915
11/30/13,904922,5402217,9235023,9885297,9405,"10,393","1,741","1,018",951
12/31/13,910102,5386119,9212026,9832650,9552,"10,496","1,773","1,037",971
1/31/14,913279,5416893,9239268,9874481,9306,"10,190","1,718","1,007",942
2/28/14,917307,5451336,9267544,9896754,9692,"10,566","1,778","1,046",979
3/31/14,923017,5475017,9284719,9891849,9556,"10,353","1,745","1,029",966
4/30/14,925189,5479764,9287884,9879815,9603,"10,380","1,752","1,034",972
5/31/14,929595,5516258,9337820,9941588,9943,"10,696","1,803","1,065","1,000"
6/30/14,931482,5548049,9362807,9973532,9833,"10,556","1,772","1,050",986
7/31/14,936752,5580718,9390708,10007330,9407,"10,043","1,686","1,002",940
8/31/14,943434,5626751,9433034,10049824,9470,"10,038","1,683","1,004",942
9/30/14,948200,5683788,9482753,10098645,9474,"9,992","1,667",999,938
10/31/14,952381,5723293,9500212,10125070,9327,"9,793","1,630",982,921
11/30/14,958592,5788176,9559214,10184921,9981,"10,412","1,724","1,044",980
12/31/14,970330,5941966,9676028,10326597,9806,"10,105","1,650","1,013",950
1/31/15,984094,6037612,9745960,10405448,10694,"10,867","1,771","1,097","1,028"
2/28/15,990165,6091007,9761926,10438257,11402,"11,515","1,872","1,168","1,092"
3/31/15,990175,6151855,9815782,10475465,11966,"12,085","1,945","1,219","1,142"
4/30/15,1002366,6206168,9865617,10545103,11454,"11,427","1,846","1,161","1,086"
5/31/15,1007481,6271825,9909778,10561797,11414,"11,329","1,820","1,152","1,081"
6/30/15,1014354,6325590,9947884,10582758,10945,"10,790","1,730","1,100","1,034"
7/31/15,1022477,6392616,10012113,10656208,11309,"11,060","1,769","1,130","1,061"
8/31/15,1025335,6424845,10030998,10662405,10259,"10,006","1,597","1,023",962
9/30/15,1028290,6459866,10060424,10694197,9660,"9,395","1,495",960,903
10/31/15,1030564,6527378,10124558,10780760,10850,"10,528","1,662","1,072","1,006"
11/30/15,1036337,6583484,10182417,10836416,11382,"10,983","1,729","1,118","1,050"
12/31/15,1037865,6612393,10217313,10842557,10743,"10,351","1,625","1,051",991
1/31/16,1042710,6670355,10268839,10909372,9798,"9,397","1,469",954,898
2/29/16,1045384,6733011,10320213,10976218,9495,"9,083","1,410",920,865
3/31/16,1049804,6757516,10342705,10986982,9966,"9,493","1,475",964,907
4/30/16,1049111,6804786,10383940,11039392,10039,"9,569","1,475",967,909
5/31/16,1051446,6849266,10423954,11084382,10263,"9,761","1,498",985,926
6/30/16,1054699,6871798,10452292,11119739,9680,"9,178","1,409",926,871
7/31/16,1058956,6928484,10502607,11178145,10338,"9,762","1,492",984,925
8/31/16,1061934,6970524,10528589,11199036,10593,"9,975","1,520","1,006",946
9/30/16,1066535,7005097,10569166,11240372,10511,"9,855","1,500",994,935
10/31/16,1071322,7059544,10591645,11263126,10665,"9,955","1,511","1,007",947
11/30/16,1074867,7137436,10662425,11337510,10640,"9,899","1,491",998,939
12/31/16,1076527,7158597,10710530,11382913,11481,"10,665","1,604","1,072","1,009"
1/31/17,1081480,7208244,10759056,11439966,11535,"10,666","1,600","1,072","1,008"
2/28/17,1086011,7263871,10814115,11491550,11834,"10,897","1,629","1,094","1,030"
3/31/17,1090024,7344648,10881654,11581144,12313,"11,296","1,676","1,132","1,063"
4/30/17,1091842,7394158,10912228,11578021,12438,"11,392","1,682","1,140","1,074"
5/31/17,1092862,7423638,10928508,11607575,12615,"11,543","1,699","1,154","1,087"
6/30/17,1095818,7488142,10988182,11652740,12325,"11,247","1,646","1,122","1,058"
7/31/17,1096490,7522548,11008582,11668038,12118,"11,052","1,611","1,101","1,039"
8/31/17,1099793,7579897,11066852,11736671,12056,"10,962","1,591","1,089","1,027"
9/30/17,1103898,7621867,11095402,11773187,12829,"11,621","1,683","1,156","1,090"
10/31/17,1108594,7666219,11139576,11804155,13230,"11,934","1,726","1,188","1,121"
11/30/17,1109839,7713565,11176686,11849209,13024,"11,735","1,688","1,165","1,099"
12/31/17,1113162,7749170,11208278,11858924,12918,"11,604","1,667","1,153","1,089"
1/31/18,1114642,7809609,11262451,11905687,13189,"11,833","1,689","1,171","1,108"
2/28/18,1116526,7838207,11278673,11920069,12436,"11,138","1,587","1,103","1,043"
3/31/18,1115309,7861261,11290502,11942983,12097,"10,846","1,539","1,071","1,013"
4/30/18,1122914,7911663,11334856,11993660,12612,"11,232","1,594","1,113","1,052"
5/31/18,1127084,7992308,11419603,12065798,12605,"11,184","1,577","1,104","1,045"
6/30/18,1133086,8047005,11497274,12150837,12306,"10,861","1,529","1,070","1,013"
7/31/18,1137251,8062842,11497988,12135357,12806,"11,260","1,588","1,114","1,055"
8/31/18,1144251,8090796,11512050,12156615,12364,"10,805","1,528","1,074","1,017"
9/30/18,1149913,8151332,11561340,12193310,12247,"10,650","1,502","1,059","1,004"
10/31/18,1155355,8194282,11618086,12258408,11448,"9,908","1,397",985,934
11/30/18,1159836,8247433,11671711,12309490,11257,"9,706","1,365",964,915
12/31/18,1165999,8283767,11709262,12370070,10559,"9,056","1,275",902,854
1/31/19,1167962,8318677,11747575,12400518,11173,"9,566","1,343",951,901
2/28/19,1172967,8374171,11812055,12457383,11516,"9,818","1,375",975,924
3/31/19,1180364,8463891,11895554,12535791,11526,"9,765","1,362",969,919
4/30/19,1181597,8515964,11969408,12608737,12344,"10,447","1,450","1,031",979
5/31/19,1183400,8573197,12033491,12676936,11727,"9,909","1,368",975,925
6/30/19,1186685,8626434,12079082,12720582,12399,"10,448","1,437","1,026",975
7/31/19,1193250,8688313,12138190,12783083,12189,"10,215","1,403","1,004",954
8/31/19,1197869,8771506,12232907,12880993,11939,"9,967","1,361",976,927
9/30/19,1204427,8808360,12268513,12910683,12428,"10,319","1,411","1,013",963
10/31/19,1210525,8887124,12334635,12972243,12867,"10,629","1,448","1,043",992
11/30/19,1217816,8939511,12381853,13011969,13236,"10,869","1,481","1,069","1,017"
12/31/19,1224324,8950015,12380743,12987109,13249,"10,821","1,480","1,070","1,020"
1/31/20,1229276,8990551,12418229,13057815,12982,"10,561","1,444","1,045",994
2/29/20,1236396,9062379,12491659,13146537,11890,"9,617","1,312",952,904
3/31/20,1263317,9355534,12790701,13483139,9936,"7,865","1,062",777,737
4/30/20,1275211,9532102,12979824,13646693,10862,"8,518","1,139",837,796
5/31/20,1291473,9653392,13141213,13809754,11587,"8,972","1,200",882,839
6/30/20,1301829,9740707,13221584,13908913,12311,"9,457","1,264",931,885
7/31/20,1311076,9798614,13292212,13992496,12313,"9,392","1,257",926,880
8/31/20,1322066,9855651,13327764,14013404,12945,"9,792","1,313",971,924
9/30/20,1331595,9937663,13442381,14146910,12761,"9,583","1,284",949,902
10/31/20,1340172,10052144,13540474,14251290,11556,"8,623","1,150",853,811
11/30/20,1352954,10158109,13633583,14346331,13291,"9,824","1,308",975,926
12/31/20,1363831,10270201,13745104,14480643,13719,"10,059","1,336",998,947
1/31/21,1378825,10382665,13835336,14591133,13433,"9,742","1,294",971,921
2/28/21,1388577,10473586,13923364,14671890,13786,"9,928","1,316",990,940
3/31/21,1391605,10563499,14019354,14758349,15008,"10,785","1,421","1,071","1,017"
4/30/21,1400042,10628067,14074552,14820519,15136,"10,811","1,424","1,075","1,021"
5/31/21,1409110,10702210,14156859,14909537,15421,"10,944","1,441","1,089","1,034"
6/30/21,1418768,10806050,14232712,14988884,15531,"10,947","1,437","1,091","1,036"
7/31/21,1426983,10902782,14332568,15106293,15544,"10,893","1,426","1,085","1,029"
8/31/21,1435563,10989804,14405853,15178895,15835,"11,031","1,441","1,099","1,043"
9/30/21,1444619,11076989,14489494,15250735,15261,"10,564","1,378","1,053","1,001"
10/31/21,1452928,11148221,14568762,15363701,15689,"10,798","1,407","1,077","1,021"
11/30/21,1461505,11192288,14617674,15418039,15100,"10,332","1,349","1,033",979
12/31/21,1469057,11289735,14708392,15495900,15885,"10,813","1,407","1,080","1,025"
1/31/22,1483379,11378722,14821644,15596492,15471,"10,430","1,360","1,044",992
2/28/22,1495030,11466429,14904777,15658593,14461,"9,673","1,261",970,924
3/31/22,1520863,11535119,14979994,15732137,14415,"9,478","1,250",962,916
4/30/22,1520457,11575875,15039803,15812004,14098,"9,272","1,218",937,892
5/31/22,1525563,11617227,15086409,15862884,14388,"9,432","1,239",954,907
6/30/22,1528664,11647587,15142824,15932704,12784,"8,363","1,098",844,802
7/31/22,1532571,11698076,15242503,15993536,13484,"8,798","1,153",885,843
8/31/22,1536313,11764014,15359159,16119865,12835,"8,354","1,091",836,796
9/30/22,1537287,11681424,15422603,16195630,12114,"7,880","1,037",785,748
10/31/22,1539694,11547504,15357455,16129054,13254,"8,608","1,148",863,822
11/30/22,1540621,11443507,15317765,16132161,14397,"9,345","1,258",940,892
12/31/22,1538893,11296984,15229154,16048195,13924,"9,048","1,233",914,868
1/31/23,1540631,11264983,15266625,16086389,15128,"9,820","1,343",991,940
2/28/23,1539465,11144466,15223160,16077506,15365,"9,981","1,379","1,009",956
3/31/23,1544427,11014046,15188493,16049043,15629,"10,120","1,419","1,029",974
4/30/23,1536935,10912853,15139424,16000276,15922,"10,360","1,459","1,052",995
5/31/23,1537568,10824092,15119329,16014230,15664,"10,188","1,447","1,036",978
6/30/23,1535472,10711305,15091218,15987595,16148,"10,517","1,508","1,070","1,010"
7/31/23,1534449,10617393,15051708,15946578,16447,"10,718","1,549","1,093","1,031"
8/31/23,1534079,10532796,15026212,15932995,15947,"10,395","1,514","1,061","1,001"
9/30/23,1534881,10510793,15072362,15994396,15387,"10,025","1,464","1,021",962
10/31/23,1535014,10405829,15032213,15975490,14810,"9,648","1,423",985,927
11/30/23,1533892,10366961,15047105,16001505,16215,"10,571","1,564","1,078","1,013"
12/31/23,1536181,10345628,15100189,16095535,16752,"10,905","1,619","1,109","1,041"
1/31/24,1533009,10282313,15078189,16097108,16904,"11,027","1,644","1,121","1,050"
2/29/24,1532820,10264962,15105918,16124126,17678,"11,533","1,722","1,170","1,096"
3/31/24,1526245,10264601,15133918,16187731,18492,"12,116","1,802","1,222","1,142"
4/30/24,1531257,10260652,15151485,16224283,17932,"11,711","1,748","1,184","1,105"
5/31/24,1530019,10261390,15197127,16264323,18498,"12,090","1,803","1,217","1,137"
6/30/24,1533920,10328474,15289072,16375369,18235,"11,888","1,766","1,193","1,114"
7/31/24,1536497,10284201,15249020,16360865,18509,"12,046","1,800","1,214","1,131"
8/31/24,1538752,10331458,15315631,16450836,18907,"12,287","1,830","1,234","1,149"
9/30/24,1541714,10382541,15399891,16544023,19325,"12,535","1,861","1,255","1,168"
10/31/24,1545565,10436711,15421950,16577802,19078,"12,343","1,828","1,237","1,151"
11/30/24,1550902,10547918,15541679,16692877,19626,"12,655","1,861","1,263","1,176"
12/31/24,1556875,10578228,15575597,16751481,19909,"12,788","1,882","1,278","1,189"
1/31/25,1555824,10596764,15580699,16784413,21732,"13,968","2,051","1,395","1,295"
2/28/25,1559517,10658188,15624281,16846520,22551,"14,461","2,116","1,443","1,339"
3/31/25,1564314,10684264,15658327,16851286,22163,"14,168","2,074","1,415","1,315"
4/30/25,1559563,10754663,15696283,16899124,22497,"14,425","2,092","1,433","1,331"
5/31/25,1559749,10791656,15736686,16938634,23997,"15,385","2,224","1,525","1,417"
6/30/25,1562363,10805034,15710290,16915373,23910,"15,304","2,213","1,522","1,414"