Date,M2,M3,M1,NIKKEI,NIKKEI/M2,NIKKEI/M3,NIKKEI/M1
1/1/1955,3565,,,356,100,,
2/1/1955,3595,,,372,103,,
3/1/1955,3614,,,363,100,,
4/1/1955,3664,,,352,96,,
5/1/1955,3705,,,346,93,,
6/1/1955,3748,,,353,94,,
7/1/1955,3805,,,352,93,,
8/1/1955,3883,,,366,94,,
9/1/1955,3902,,,387,99,,
10/1/1955,3973,,,388,98,,
11/1/1955,4027,,,410,102,,
12/1/1955,4098,,,398,97,,
1/1/1956,4141,,,426,103,,
2/1/1956,4213,,,426,101,,
3/1/1956,4275,,,442,103,,
4/1/1956,4329,,,455,105,,
5/1/1956,4409,,,476,108,,
6/1/1956,4513,,,491,109,,
7/1/1956,4581,,,503,110,,
8/1/1956,4663,,,501,108,,
9/1/1956,4763,,,494,104,,
10/1/1956,4819,,,493,102,,
11/1/1956,4912,,,514,105,,
12/1/1956,5005,,,557,111,,
1/1/1957,5099,,,549,108,,
2/1/1957,5156,,,569,110,,
3/1/1957,5239,,,570,109,,
4/1/1957,5316,,,591,111,,
5/1/1957,5386,,,590,110,,
6/1/1957,5426,,,520,96,,
7/1/1957,5479,,,516,94,,
8/1/1957,5531,,,489,88,,
9/1/1957,5561,,,529,95,,
10/1/1957,5650,,,534,95,,
11/1/1957,5704,,,515,90,,
12/1/1957,5758,,,490,85,,
1/1/1958,5831,,,472,81,,
2/1/1958,5898,,,523,89,,
3/1/1958,5962,,,528,89,,
4/1/1958,6068,,,530,87,,
5/1/1958,6116,,,561,92,,
6/1/1958,6221,,,560,90,,
7/1/1958,6341,,,587,92,,
8/1/1958,6442,,,574,89,,
9/1/1958,6550,,,588,90,,
10/1/1958,6653,,,589,88,,
11/1/1958,6788,,,608,90,,
12/1/1958,6855,,,630,92,,
1/1/1959,6878,,,664,97,,
2/1/1959,7054,,,690,98,,
3/1/1959,7203,,,716,99,,
4/1/1959,7285,,,764,105,,
5/1/1959,7413,,,750,101,,
6/1/1959,7516,,,802,107,,
7/1/1959,7627,,,811,106,,
8/1/1959,7644,,,855,112,,
9/1/1959,7866,,,891,113,,
10/1/1959,7994,,,902,113,,
11/1/1959,8120,,,955,118,,
12/1/1959,8246,,,974,118,,
1/1/1960,8377,,,875,104,,
2/1/1960,8488,,,963,113,,
3/1/1960,8627,,,1025,119,,
4/1/1960,8733,,,1062,122,,
5/1/1960,8886,,,1092,123,,
6/1/1960,9016,,,972,108,,
7/1/1960,9154,,,1092,119,,
8/1/1960,9322,,,1097,118,,
9/1/1960,9488,,,1178,124,,
10/1/1960,9652,,,1226,127,,
11/1/1960,9828,,,1262,128,,
12/1/1960,9979,,,1310,131,,
1/1/1961,10172,,,1357,133,,
2/1/1961,10401,,,1515,146,,
3/1/1961,10585,,,1537,145,,
4/1/1961,10787,,,1587,147,,
5/1/1961,10940,,,1647,151,,
6/1/1961,11137,,,1649,148,,
7/1/1961,11269,,,1737,154,,
8/1/1961,11417,,,1753,154,,
9/1/1961,11546,,,1615,140,,
10/1/1961,11686,,,1525,130,,
11/1/1961,11839,,,1360,115,,
12/1/1961,11918,,,1334,112,,
1/1/1962,12149,,,1433,118,,
2/1/1962,12283,,,1518,124,,
3/1/1962,12366,,,1480,120,,
4/1/1962,12629,,,1436,114,,
5/1/1962,12851,,,1369,107,,
6/1/1962,12983,,,1385,107,,
7/1/1962,13210,,,1442,109,,
8/1/1962,13428,,,1412,105,,
9/1/1962,13647,,,1417,104,,
10/1/1962,13921,,,1262,91,,
11/1/1962,14188,,,1286,91,,
12/1/1962,14453,,,1442,100,,
1/1/1963,14721,,,1420,96,,
2/1/1963,15000,,,1465,98,,
3/1/1963,15299,,,1508,99,,
4/1/1963,15577,,,1624,104,,
5/1/1963,15889,,,1593,100,,
6/1/1963,16201,,,1555,96,,
7/1/1963,16510,,,1597,97,,
8/1/1963,16722,,,1371,82,,
9/1/1963,17118,,,1351,79,,
10/1/1963,17373,,,1317,76,,
11/1/1963,17613,,,1335,76,,
12/1/1963,17930,,,1280,71,,
1/1/1964,18143,,,1234,68,,
2/1/1964,18318,,,1327,72,,
3/1/1964,18626,,,1261,68,,
4/1/1964,18848,,,1234,65,,
5/1/1964,19066,,,1238,65,,
6/1/1964,19285,,,1319,68,,
7/1/1964,19519,,,1353,69,,
8/1/1964,19735,,,1309,66,,
9/1/1964,19983,,,1294,65,,
10/1/1964,20201,,,1224,61,,
11/1/1964,20443,,,1209,59,,
12/1/1964,20678,,,1209,58,,
1/1/1965,20965,,,1217,58,,
2/1/1965,21269,,,1243,58,,
3/1/1965,21552,,,1206,56,,
4/1/1965,21819,,,1128,52,,
5/1/1965,22120,,,1177,53,,
6/1/1965,22429,,,1093,49,,
7/1/1965,22644,,,1065,47,,
8/1/1965,23026,,,1097,48,,
9/1/1965,23378,,,1250,53,,
10/1/1965,23681,,,1210,51,,
11/1/1965,24032,,,1268,53,,
12/1/1965,24407,,,1378,56,,
1/1/1966,24727,,,1418,57,,
2/1/1966,25019,,,1485,59,,
3/1/1966,25573,,,1521,59,,
4/1/1966,25688,,,1589,62,,
5/1/1966,26067,,,1554,60,,
6/1/1966,26382,,,1491,57,,
7/1/1966,26696,,,1509,57,,
8/1/1966,27102,,,1496,55,,
9/1/1966,27495,,,1473,54,,
10/1/1966,27726,,,1465,53,,
11/1/1966,28046,,,1432,51,,
12/1/1966,28371,,,1392,49,,
1/1/1967,27844,,,1452,52,,
2/1/1967,28212,,,1464,52,,
3/1/1967,28730,,,1506,52,,
4/1/1967,28953,,,1456,50,,
5/1/1967,28975,,,1441,50,,
6/1/1967,29430,,,1503,51,,
7/1/1967,29844,,,1494,50,,
8/1/1967,30219,,,1462,48,,
9/1/1967,30782,,,1353,44,,
10/1/1967,31204,,,1324,42,,
11/1/1967,31491,,,1378,44,,
12/1/1967,31854,,,1285,40,,
1/1/1968,32222,,,1283,40,,
2/1/1968,32669,,,1312,40,,
3/1/1968,33134,,,1355,41,,
4/1/1968,33407,,,1367,41,,
5/1/1968,33790,,,1465,43,,
6/1/1968,34249,,,1462,43,,
7/1/1968,34604,,,1549,45,,
8/1/1968,34927,,,1602,46,,
9/1/1968,35372,,,1692,48,,
10/1/1968,35772,,,1835,51,,
11/1/1968,36323,,,1742,48,,
12/1/1968,36834,,,1717,47,,
1/1/1969,37344,,,1699,45,,
2/1/1969,37806,,,1830,48,,
3/1/1969,38361,,,1759,46,,
4/1/1969,38922,,,1827,47,,
5/1/1969,39410,,,1912,49,,
6/1/1969,40000,,,1991,50,,
7/1/1969,40574,,,1970,49,,
8/1/1969,41197,,,1879,46,,
9/1/1969,41788,,,1952,47,,
10/1/1969,42395,,,2037,48,,
11/1/1969,43053,,,2130,49,,
12/1/1969,43736,,,2251,51,,
1/1/1970,44405,,,2348,53,,
2/1/1970,45018,,,2296,51,,
3/1/1970,45580,,,2380,52,,
4/1/1970,46211,,,2521,55,,
5/1/1970,46901,,,2126,45,,
6/1/1970,47434,,,2082,44,,
7/1/1970,48052,,,2149,45,,
8/1/1970,48656,,,2159,44,,
9/1/1970,49208,,,2131,43,,
10/1/1970,49955,,,2062,41,,
11/1/1970,50532,,,2114,42,,
12/1/1970,51229,,,2027,40,,
1/1/1971,52012,,,1987,38,,
2/1/1971,52903,,,2105,40,,
3/1/1971,53685,,,2256,42,,
4/1/1971,54631,,,2414,44,,
5/1/1971,55697,,,2468,44,,
6/1/1971,56651,,,2456,43,,
7/1/1971,57969,,,2651,46,,
8/1/1971,59158,,,2662,45,,
9/1/1971,60272,,,2348,39,,
10/1/1971,61368,,,2429,40,,
11/1/1971,62073,,,2279,37,,
12/1/1971,63992,,,2456,38,,
1/1/1972,65168,,,2714,42,,
2/1/1972,66297,,,2852,43,,
3/1/1972,67654,,,3011,45,,
4/1/1972,68910,,,3188,46,,
5/1/1972,69891,,,3353,48,,
6/1/1972,71620,,,3627,51,,
7/1/1972,73605,,,3711,50,,
8/1/1972,74761,,,3952,53,,
9/1/1972,76466,,,4090,53,,
10/1/1972,78455,,,4321,55,,
11/1/1972,79754,,,4542,57,,
12/1/1972,81107,,,4781,59,,
1/1/1973,82303,,,5208,63,,
2/1/1973,84019,,,5066,60,,
3/1/1973,85803,,,5140,60,,
4/1/1973,87670,,,5234,60,,
5/1/1973,88337,,,4595,52,,
6/1/1973,89560,,,4547,51,,
7/1/1973,90334,,,4675,52,,
8/1/1973,91099,,,4973,55,,
9/1/1973,92209,,,4882,53,,
10/1/1973,92944,,,4583,49,,
11/1/1973,93659,,,4635,49,,
12/1/1973,94198,,,4462,47,,
1/1/1974,95100,,,4307,45,,
2/1/1974,96189,,,4490,47,,
3/1/1974,96738,,,4539,47,,
4/1/1974,97576,,,4466,46,,
5/1/1974,98592,,,4644,47,,
6/1/1974,99517,,,4773,48,,
7/1/1974,100326,,,4622,46,,
8/1/1974,101267,,,4492,44,,
9/1/1974,102026,,,4070,40,,
10/1/1974,102931,,,3854,37,,
11/1/1974,104259,,,3548,34,,
12/1/1974,105334,,,3927,37,,
1/1/1975,106436,,,3837,36,,
2/1/1975,107569,,,3958,37,,
3/1/1975,108558,,,4273,39,,
4/1/1975,110092,,,4479,41,,
5/1/1975,110997,,,4504,41,,
6/1/1975,111815,,,4408,39,,
7/1/1975,113417,,,4541,40,,
8/1/1975,114888,,,4293,37,,
9/1/1975,116093,,,4046,35,,
10/1/1975,117579,,,3870,33,,
11/1/1975,118908,,,4352,37,,
12/1/1975,120625,,,4307,36,,
1/1/1976,122407,,,4342,35,,
2/1/1976,124029,,,4657,38,,
3/1/1976,125510,,,4631,37,,
4/1/1976,126843,,,4582,36,,
5/1/1976,128299,,,4657,36,,
6/1/1976,129872,,,4686,36,,
7/1/1976,130944,,,4866,37,,
8/1/1976,132227,,,4642,35,,
9/1/1976,133480,,,4786,36,,
10/1/1976,135006,,,4816,36,,
11/1/1976,136006,,,4646,34,,
12/1/1976,137331,,,4505,33,,
1/1/1977,138518,,,4991,36,,
2/1/1977,139610,,,5008,36,,
3/1/1977,140772,,,5074,36,,
4/1/1977,141375,,,5001,35,,
5/1/1977,142709,,,5099,36,,
6/1/1977,144079,,,5015,35,,
7/1/1977,145473,,,4978,34,,
8/1/1977,146574,,,4971,34,,
9/1/1977,148408,,,5239,35,,
10/1/1977,149345,,,5264,35,,
11/1/1977,150735,,,5021,33,,
12/1/1977,152060,,,4913,32,,
1/1/1978,153366,,,4866,32,,
2/1/1978,154724,,,5138,33,,
3/1/1978,156366,,,5211,33,,
4/1/1978,158115,,,5448,34,,
5/1/1978,159086,,,5533,35,,
6/1/1978,161314,,,5476,34,,
7/1/1978,162920,,,5543,34,,
8/1/1978,164535,,,5585,34,,
9/1/1978,166178,,,5600,34,,
10/1/1978,167528,,,5772,34,,
11/1/1978,169247,,,5872,35,,
12/1/1978,170654,,,6003,35,,
1/1/1979,172444,,,6002,35,,
2/1/1979,173872,,,6200,36,,
3/1/1979,175498,,,5976,34,,
4/1/1979,177295,,,6134,35,,
5/1/1979,179386,,,6237,35,,
6/1/1979,180412,,,6177,34,,
7/1/1979,182232,,,6247,34,,
8/1/1979,183932,,,6323,34,,
9/1/1979,185167,,,6436,35,,
10/1/1979,186748,,,6578,35,,
11/1/1979,188027,,,6415,34,,
12/1/1979,189493,,,6450,34,,
1/1/1980,190905,,,6569,34,,
2/1/1980,192568,,,6778,35,,
3/1/1980,193990,,,6765,35,,
4/1/1980,195676,,,6503,33,,
5/1/1980,197865,,,6865,35,,
6/1/1980,197778,,,6856,35,,
7/1/1980,198324,,,6824,34,,
8/1/1980,199091,,,6788,34,,
9/1/1980,200078,,,6890,34,,
10/1/1980,200972,,,7123,35,,
11/1/1980,202802,,,7151,35,,
12/1/1980,204259,,,7160,35,,
1/1/1981,205207,,,7063,34,,
2/1/1981,207028,,,7254,35,,
3/1/1981,208635,,,7147,34,,
4/1/1981,211247,,,7390,35,,
5/1/1981,212652,,,7576,36,,
6/1/1981,214465,,,7590,35,,
7/1/1981,216281,,,7895,37,,
8/1/1981,218333,,,7828,36,,
9/1/1981,220225,,,7736,35,,
10/1/1981,222457,,,7366,33,,
11/1/1981,224048,,,7449,33,,
12/1/1981,225598,,,7522,33,,
1/1/1982,227194,,,7682,34,,
2/1/1982,228812,,,7910,35,,
3/1/1982,230141,,,7327,32,,
4/1/1982,231162,,,7294,32,,
5/1/1982,232759,,,7391,32,,
6/1/1982,233650,,,7369,32,,
7/1/1982,236420,,,7179,30,,
8/1/1982,238133,,,7122,30,,
9/1/1982,239466,,,7153,30,,
10/1/1982,240898,,,6850,28,,
11/1/1982,242113,,,7335,30,,
12/1/1982,243265,,,7967,33,,
1/1/1983,244590,,,8017,33,,
2/1/1983,245716,,,8106,33,,
3/1/1983,247142,,,7989,32,,
4/1/1983,248776,,,8469,34,,
5/1/1983,250427,,,8637,34,,
6/1/1983,251954,,,8550,34,,
7/1/1983,253305,,,8936,35,,
8/1/1983,254794,,,9016,35,,
9/1/1983,256523,,,9228,36,,
10/1/1983,258215,,,9403,36,,
11/1/1983,258742,,,9351,36,,
12/1/1983,261563,,,9337,36,,
1/1/1984,263045,,,9894,38,,
2/1/1984,264816,,,10201,39,,
3/1/1984,267497,,,9920,37,,
4/1/1984,267806,,,10929,41,,
5/1/1984,269483,,,11019,41,,
6/1/1984,271178,,,9913,37,,
7/1/1984,272962,,,10378,38,,
8/1/1984,274713,,,9948,36,,
9/1/1984,276999,,,10584,38,,
10/1/1984,278267,,,10654,38,,
11/1/1984,279838,,,11170,40,,
12/1/1984,281830,,,11429,41,,
1/1/1985,283712,,,11543,41,,
2/1/1985,285713,,,11947,42,,
3/1/1985,288274,,,12412,43,,
4/1/1985,290270,,,12677,44,,
5/1/1985,292031,,,12457,43,,
6/1/1985,293853,,,12758,43,,
7/1/1985,295706,,,12919,44,,
8/1/1985,297517,,,12538,42,,
9/1/1985,299793,,,12713,42,,
10/1/1985,302335,,,12685,42,,
11/1/1985,305077,,,12808,42,,
12/1/1985,308038,,,12763,41,,
1/1/1986,309234,,,13083,42,,
2/1/1986,311184,,,13024,42,,
3/1/1986,313832,,,13641,43,,
4/1/1986,314767,,,15746,50,,
5/1/1986,316679,,,15783,50,,
6/1/1986,319375,,,16671,52,,
7/1/1986,321740,,,17623,55,,
8/1/1986,323870,,,17322,53,,
9/1/1986,326409,,,18821,58,,
10/1/1986,328002,,,17564,54,,
11/1/1986,330340,,,16911,51,,
12/1/1986,333464,,,18308,55,,
1/1/1987,335909,,,18821,56,,
2/1/1987,338235,,,20048,59,,
3/1/1987,341883,,,20422,60,,
4/1/1987,345501,,,22040,64,,
5/1/1987,348938,,,23681,68,,
6/1/1987,351972,,,24993,71,,
7/1/1987,355175,,,24252,68,,
8/1/1987,359236,,,24488,68,,
9/1/1987,362756,,,26118,72,,
10/1/1987,365948,,,25722,70,,
11/1/1987,370896,,,22765,61,,
12/1/1987,372171,,,22833,61,,
1/1/1988,376040,,,21564,57,,
2/1/1988,379860,,,23732,62,,
3/1/1988,382202,,,25436,67,,
4/1/1988,384524,,,26104,68,,
5/1/1988,388776,,,27434,71,,
6/1/1988,391691,,,27704,71,,
7/1/1988,394791,,,27504,70,,
8/1/1988,398427,,,28326,71,,
9/1/1988,401422,,,26934,67,,
10/1/1988,405760,,,27924,69,,
11/1/1988,409117,,,28014,68,,
12/1/1988,411427,,,29541,72,,
1/1/1989,413816,,,30159,73,,
2/1/1989,419428,,,31361,75,,
3/1/1989,422007,,,31964,76,,
4/1/1989,423452,,,32839,78,,
5/1/1989,425272,,,33793,79,,
6/1/1989,428764,,,33981,79,,
7/1/1989,433324,,,32949,76,,
8/1/1989,436839,,,34898,80,,
9/1/1989,439905,,,34348,78,,
10/1/1989,443902,,,35637,80,,
11/1/1989,449496,,,35564,79,,
12/1/1989,455632,,,37133,81,,
1/1/1990,461556,,,38916,84,,
2/1/1990,469358,,,37206,79,,
3/1/1990,471653,,,33830,72,,
4/1/1990,479006,,,29980,63,,
5/1/1990,481302,,,29690,62,,
6/1/1990,482459,,,32891,68,,
7/1/1990,485996,,,31940,66,,
8/1/1990,488792,,,30838,63,,
9/1/1990,492539,,,25978,53,,
10/1/1990,495497,,,20222,41,,
11/1/1990,493906,,,24295,49,,
12/1/1990,494984,,,22455,45,,
1/1/1991,496006,,,23849,48,,
2/1/1991,496076,,,23157,47,,
3/1/1991,496188,,,25882,52,,
4/1/1991,497177,,,26007,52,,
5/1/1991,498450,,,26489,53,,
6/1/1991,499767,,,25790,52,,
7/1/1991,501912,,,24109,48,,
8/1/1991,501869,,,24073,48,,
9/1/1991,503748,,,22336,44,,
10/1/1991,505353,,,24377,48,,
11/1/1991,505863,,,25044,50,,
12/1/1991,505528,,,22687,45,,
1/1/1992,505380,,,22984,45,,
2/1/1992,504578,,,22023,44,,
3/1/1992,505474,,,21339,42,,
4/1/1992,504759,,,18582,37,,
5/1/1992,503391,,,17303,34,,
6/1/1992,503733,,,18004,36,,
7/1/1992,502558,,,16325,32,,
8/1/1992,503017,,,15910,32,,
9/1/1992,501434,,,17740,35,,
10/1/1992,502133,,,17370,35,,
11/1/1992,503121,,,16767,33,,
12/1/1992,504021,,,17313,34,,
1/1/1993,504400,,,16925,34,,
2/1/1993,505421,,,17134,34,,
3/1/1993,503831,,,16880,34,,
4/1/1993,507085,,,19099,38,,
5/1/1993,510144,,,20919,41,,
6/1/1993,510373,,,20591,40,,
7/1/1993,510282,,,19925,39,,
8/1/1993,511338,,,20380,40,,
9/1/1993,511223,,,20953,41,,
10/1/1993,511569,,,20283,40,,
11/1/1993,511092,,,19438,38,,
12/1/1993,511478,,,17125,33,,
1/1/1994,512523,,,17417,34,,
2/1/1994,513032,,,20416,40,,
3/1/1994,513768,,,20217,39,,
4/1/1994,517626,,,19277,37,,
5/1/1994,517906,,,19725,38,,
6/1/1994,517676,,,21053,41,,
7/1/1994,520217,,,20543,39,,
8/1/1994,521299,,,20271,39,,
9/1/1994,523492,,,20643,39,,
10/1/1994,524419,,,19564,37,,
11/1/1994,524990,,,19916,38,,
12/1/1994,526718,,,19014,36,,
1/1/1995,528391,,,19723,37,,
2/1/1995,531014,,,18739,35,,
3/1/1995,531858,,,16619,31,,
4/1/1995,533202,,,16140,30,,
5/1/1995,533292,,,16811,32,,
6/1/1995,533589,,,15595,29,,
7/1/1995,534355,,,14517,27,,
8/1/1995,535411,,,16359,31,,
9/1/1995,537587,,,18121,34,,
10/1/1995,537804,,,17913,33,,
11/1/1995,542287,,,17474,32,,
12/1/1995,543588,,,18833,35,,
1/1/1996,544422,,,19868,36,,
2/1/1996,545554,,,20935,38,,
3/1/1996,547678,,,20169,37,,
4/1/1996,547977,,,21560,39,,
5/1/1996,550175,,,21815,40,,
6/1/1996,553304,,,21956,40,,
7/1/1996,554020,,,22455,41,,
8/1/1996,555292,,,20985,38,,
9/1/1996,556694,,,20167,36,,
10/1/1996,557947,,,21463,38,,
11/1/1996,559187,,,20633,37,,
12/1/1996,559449,,,21020,38,,
1/1/1997,560340,,,19361,35,,
2/1/1997,560902,,,18330,33,,
3/1/1997,562345,,,18557,33,,
4/1/1997,565322,,,17870,32,,
5/1/1997,566773,,,19275,34,,
6/1/1997,569049,,,20069,35,,
7/1/1997,570975,,,20176,35,,
8/1/1997,573024,,,19804,35,,
9/1/1997,573876,,,17974,31,,
10/1/1997,574429,,,17842,31,,
11/1/1997,576954,,,16459,29,,
12/1/1997,580757,,,17008,29,,
1/1/1998,584768,,,15259,26,,
2/1/1998,588535,,,16628,28,,
3/1/1998,587818,,,16832,29,,
4/1/1998,588643,,,16242,28,,
5/1/1998,590925,,,15601,26,,
6/1/1998,591266,,,15321,26,,
7/1/1998,594030,,,16363,28,,
8/1/1998,597479,,,16379,27,,
9/1/1998,599212,,,14370,24,,
10/1/1998,599411,,,13197,22,,
11/1/1998,604654,,,13565,22,,
12/1/1998,606470,,,14835,24,,
1/1/1999,608089,,,13842,23,,
2/1/1999,610947,,,14465,24,,
3/1/1999,612594,,,14222,23,,
4/1/1999,611525,,,16328,27,,
5/1/1999,614689,,,16702,27,,
6/1/1999,616755,,,16409,27,,
7/1/1999,617488,,,17861,29,,
8/1/1999,618614,,,17862,29,,
9/1/1999,619203,,,17802,29,,
10/1/1999,620690,,,17713,29,,
11/1/1999,622108,,,17997,29,,
12/1/1999,622942,,,18496,30,,
1/1/2000,623792,,,18934,30,,
2/1/2000,623600,,,19423,31,,
3/1/2000,624794,,,20082,32,,
4/1/2000,628893,,,20337,32,,
5/1/2000,627928,,,18403,29,,
6/1/2000,628445,,,16694,27,,
7/1/2000,629479,,,17411,28,,
8/1/2000,630006,,,16100,26,,
9/1/2000,631221,,,16740,27,,
10/1/2000,633586,,,15747,25,,
11/1/2000,633785,,,14872,23,,
12/1/2000,635906,,,14835,23,,
1/1/2001,637630,,,13786,22,,
2/1/2001,639548,,,13780,22,,
3/1/2001,640593,,,12682,20,,
4/1/2001,643278,,,13000,20,,
5/1/2001,644624,,,14425,22,,
6/1/2001,646254,,,13262,21,,
7/1/2001,647863,,,12969,20,,
8/1/2001,648701,,,11959,18,,
9/1/2001,650808,,,10714,16,,
10/1/2001,651700,,,9972,15,,
11/1/2001,652753,,,10347,16,,
12/1/2001,657682,,,10697,16,,
1/1/2002,660284,,,10543,16,,
2/1/2002,662055,,,9791,15,,
3/1/2002,664371,,,10812,16,,
4/1/2002,666202,,,11029,17,,
5/1/2002,667118,,,11553,17,,
6/1/2002,668098,,,11764,18,,
7/1/2002,668993,,,10595,16,,
8/1/2002,670647,,,9794,15,,
9/1/2002,671130,,,9619,14,,
10/1/2002,672843,,,9162,14,,
11/1/2002,673356,,,8686,13,,
12/1/2002,672767,,,9216,14,,
1/1/2003,673713,,,8579,13,,
2/1/2003,674892,,,8340,12,,
3/1/2003,675592,,,8363,12,,
4/1/2003,672663,1012169,431058,7987,12,8,19
5/1/2003,674620,1012432,432124,7863,12,8,18
6/1/2003,676601,1013541,430627,8425,12,8,20
7/1/2003,677502,1018260,433134,9278,14,9,21
8/1/2003,680231,1017179,432545,9612,14,9,22
9/1/2003,678956,1012538,430590,10670,16,11,25
10/1/2003,679564,1010803,430538,10361,15,10,24
11/1/2003,680041,1010646,432121,10560,16,10,24
12/1/2003,680287,1018872,441165,10403,15,10,24
1/1/2004,681749,1020070,441477,10677,16,10,24
2/1/2004,683369,1016155,438217,10784,16,11,25
3/1/2004,684390,1017825,442707,11271,16,11,25
4/1/2004,685289,1024045,449573,11683,17,11,26
5/1/2004,688093,1024742,450936,11762,17,11,26
6/1/2004,688493,1024312,447192,11297,16,11,25
7/1/2004,690148,1029688,451505,11896,17,12,26
8/1/2004,692896,1028420,450226,11326,16,11,25
9/1/2004,692122,1024221,448893,11127,16,11,25
10/1/2004,692886,1021759,450267,10985,16,11,24
11/1/2004,693380,1021473,450428,10735,15,11,24
12/1/2004,694131,1028685,460216,10784,16,10,23
1/1/2005,695103,1029064,460868,11489,17,11,25
2/1/2005,695734,1023629,456416,11384,16,11,25
3/1/2005,698258,1026453,463598,11781,17,11,25
4/1/2005,697488,1030090,470880,11724,17,11,25
5/1/2005,698360,1027792,469845,11009,16,11,23
6/1/2005,699610,1027626,467354,11330,16,11,24
7/1/2005,701726,1032622,471628,11630,17,11,25
8/1/2005,704060,1030622,470044,11947,17,12,25
9/1/2005,705682,1029457,471515,12507,18,12,27
10/1/2005,706167,1026125,472897,13574,19,13,29
11/1/2005,707194,1026469,473266,13868,20,14,29
12/1/2005,707270,1032146,483809,15131,21,15,31
1/1/2006,707248,1031286,483580,16111,23,16,33
2/1/2006,707432,1024830,479345,16480,23,16,34
3/1/2006,707741,1025365,484530,15964,23,16,33
4/1/2006,708574,1031246,492659,17060,24,17,35
5/1/2006,707658,1026619,489129,16926,24,16,35
6/1/2006,707096,1025674,485155,15504,22,15,32
7/1/2006,705547,1025906,486100,15505,22,15,32
8/1/2006,707175,1023258,481367,15441,22,15,32
9/1/2006,709317,1022738,479268,16134,23,16,34
10/1/2006,710062,1019308,477494,16128,23,16,34
11/1/2006,711341,1019945,476012,16375,23,16,34
12/1/2006,712343,1026271,484242,16322,23,16,34
1/1/2007,713579,1026952,483577,17226,24,17,36
2/1/2007,714287,1021495,479673,17520,25,17,37
3/1/2007,715368,1022937,484289,17454,24,17,36
4/1/2007,716718,1029541,490536,17288,24,17,35
5/1/2007,717993,1026996,487149,17275,24,17,35
6/1/2007,719441,1029113,484392,17959,25,17,37
7/1/2007,720107,1030599,484597,18138,25,18,37
8/1/2007,719586,1026303,478795,16871,23,16,35
9/1/2007,721576,1025326,477582,16569,23,16,35
10/1/2007,723473,1025266,478807,16846,23,16,35
11/1/2007,725689,1026290,478023,16870,23,16,35
12/1/2007,727506,1033148,486784,15681,22,15,32
1/1/2008,729018,1034342,485169,15308,21,15,32
2/1/2008,730912,1030188,479708,13497,18,13,28
3/1/2008,731568,1030991,482933,13603,19,13,28
4/1/2008,730219,1034784,486413,12656,17,12,26
5/1/2008,732683,1033882,484042,13767,19,13,28
6/1/2008,734958,1038082,482804,14339,20,14,30
7/1/2008,735459,1038358,480925,13463,18,13,28
8/1/2008,736728,1036687,477527,13095,18,13,27
9/1/2008,737264,1034725,475236,12834,17,12,27
10/1/2008,736410,1030867,473754,11368,15,11,24
11/1/2008,738797,1032926,474474,8577,12,8,18
12/1/2008,741154,1040645,481755,8397,11,8,17
1/1/2009,743673,1043757,481266,8860,12,8,18
2/1/2009,746639,1042126,478297,7994,11,8,17
3/1/2009,748233,1044532,483018,7568,10,7,16
4/1/2009,749693,1052392,489049,8352,11,8,17
5/1/2009,752040,1052048,487709,8977,12,9,18
6/1/2009,753134,1055549,485362,9678,13,9,20
7/1/2009,755401,1058155,483821,9940,13,9,21
8/1/2009,757304,1057677,481078,10357,14,10,22
9/1/2009,759123,1056457,479378,10530,14,10,22
10/1/2009,761031,1055768,479181,9979,13,9,21
11/1/2009,763004,1057479,479703,10035,13,9,21
12/1/2009,764212,1063518,486668,9572,13,9,20
1/1/2010,766254,1066209,486664,10546,14,10,22
2/1/2010,767508,1062869,482517,10205,13,10,21
3/1/2010,768506,1064878,487801,10172,13,10,21
4/1/2010,771070,1074912,496428,11244,15,10,23
5/1/2010,775214,1076380,497199,11057,14,10,22
6/1/2010,774772,1078452,493510,9712,13,9,20
7/1/2010,775923,1079908,493770,9192,12,9,19
8/1/2010,778411,1079734,491644,9537,12,9,19
9/1/2010,780144,1078947,490866,8927,11,8,18
10/1/2010,781847,1078409,493389,9404,12,9,19
11/1/2010,782423,1078622,493540,9155,12,8,19
12/1/2010,782125,1082937,501479,9988,13,9,20
1/1/2011,784191,1085254,502368,10229,13,9,20
2/1/2011,786272,1082249,499697,10275,13,9,21
3/1/2011,788467,1085748,508265,10754,14,10,21
4/1/2011,791858,1097612,521795,9708,12,9,19
5/1/2011,796042,1099480,521287,9850,12,9,19
6/1/2011,796635,1102780,518026,9720,12,9,19
7/1/2011,798704,1105530,519448,9868,12,9,19
8/1/2011,799519,1103414,516389,9965,12,9,19
9/1/2011,801521,1103380,516473,9061,11,8,18
10/1/2011,803731,1103657,518573,8700,11,8,17
11/1/2011,805685,1105726,519033,8836,11,8,17
12/1/2011,806455,1111461,528019,8597,11,8,16
1/1/2012,808053,1113282,527925,8455,10,8,16
2/1/2012,809354,1109588,524285,8810,11,8,17
3/1/2012,811536,1113545,530640,9707,12,9,18
4/1/2012,812562,1122802,539438,10084,12,9,19
5/1/2012,813517,1120490,536640,9351,11,8,17
6/1/2012,814610,1124207,535067,8440,10,8,16
7/1/2012,817156,1126995,535201,9007,11,8,17
8/1/2012,819332,1126173,533795,8642,11,8,16
9/1/2012,821119,1126118,534971,8840,11,8,17
10/1/2012,822065,1125383,535464,8797,11,8,16
11/1/2012,822401,1126276,535475,8947,11,8,17
12/1/2012,826627,1135854,545669,9446,11,8,17
1/1/2013,829400,1138513,546731,10395,13,9,19
2/1/2013,832729,1136579,544460,11191,13,10,21
3/1/2013,836299,1141427,552068,11606,14,10,21
4/1/2013,838722,1151620,560849,12135,14,11,22
5/1/2013,841970,1151837,560354,13799,16,12,25
6/1/2013,845782,1158500,562713,13775,16,12,24
7/1/2013,848105,1160834,563317,13853,16,12,25
8/1/2013,850580,1160268,561522,14006,16,12,25
9/1/2013,853221,1161068,562455,13389,16,12,24
10/1/2013,856069,1162577,564951,14485,17,12,26
11/1/2013,857765,1165539,566412,14202,17,12,25
12/1/2013,860993,1174555,576935,15662,18,13,27
1/1/2014,864711,1177852,578902,16291,19,14,28
2/1/2014,865373,1172682,573902,14915,17,13,26
3/1/2014,866240,1173985,579844,14841,17,13,26
4/1/2014,868092,1183552,588810,14792,17,12,25
5/1/2014,869528,1182345,586960,14485,17,12,25
6/1/2014,871766,1187206,586853,14632,17,12,25
7/1/2014,873700,1189173,585952,15326,18,13,26
8/1/2014,876001,1188773,585105,15523,18,13,27
9/1/2014,879801,1190105,586015,15477,18,13,26
10/1/2014,883280,1192742,588999,16082,18,13,27
11/1/2014,888004,1199346,593695,16414,18,14,28
12/1/2014,891360,1208531,603643,17590,20,15,29
1/1/2015,893555,1210478,604247,17451,20,14,29
2/1/2015,895584,1206557,601881,17674,20,15,29
3/1/2015,897943,1209321,608583,18798,21,16,31
4/1/2015,899975,1219144,617816,19035,21,16,31
5/1/2015,905085,1221516,620116,19532,22,16,31
6/1/2015,906295,1224459,618502,20570,23,17,33
7/1/2015,909245,1227126,618556,20329,22,17,33
8/1/2015,912552,1228193,618119,20585,23,17,33
9/1/2015,913467,1226355,617015,18166,20,15,29
10/1/2015,915511,1227346,620210,17722,19,14,29
11/1/2015,917339,1231318,622165,19083,21,15,31
12/1/2015,918861,1238600,630598,20012,22,16,32
1/1/2016,921564,1241144,631191,19034,21,15,30
2/1/2016,924250,1236784,630409,17865,19,14,28
3/1/2016,926807,1239370,641336,16086,17,13,25
4/1/2016,931216,1252088,659104,16164,17,13,25
5/1/2016,936067,1255516,662086,16666,18,13,25
6/1/2016,937754,1259472,662309,16956,18,13,26
7/1/2016,940138,1262379,665119,15682,17,12,24
8/1/2016,942083,1262169,664710,16636,18,13,25
9/1/2016,945827,1262552,665700,16927,18,13,25
10/1/2016,949202,1264922,671356,16450,17,13,25
11/1/2016,953066,1271602,676487,17442,18,14,26
12/1/2016,956012,1280080,687844,18513,19,14,27
1/1/2017,959171,1283392,691219,19114,20,15,28
2/1/2017,963219,1280315,690063,19148,20,15,28
3/1/2017,959763,1283246,697274,19394,20,15,28
4/1/2017,970290,1293861,710169,18909,19,15,27
5/1/2017,972366,1296134,712408,19311,20,15,27
6/1/2017,976358,1301383,712950,19860,20,15,28
7/1/2017,978149,1304785,715069,20033,20,15,28
8/1/2017,977622,1304540,714286,19986,20,15,28
9/1/2017,978823,1305702,716615,19691,20,15,27
10/1/2017,981306,1308395,721705,20356,21,16,28
11/1/2017,987485,1314580,726311,22420,23,17,31
12/1/2017,990572,1319210,734554,22819,23,17,31
1/1/2018,991701,1320700,737193,22765,23,17,31
2/1/2018,986577,1315205,733705,23486,24,18,32
3/1/2018,989090,1316913,740662,21724,22,16,29
4/1/2018,1001087,1329273,754559,21454,21,16,28
5/1/2018,1003151,1331255,756532,22508,22,17,30
6/1/2018,1006630,1336047,759307,22171,22,17,29
7/1/2018,1006803,1337929,760390,22305,22,17,29
8/1/2018,1005658,1337013,759196,22747,23,17,30
9/1/2018,1006590,1337867,761016,22865,23,17,30
10/1/2018,1007440,1338854,763903,24246,24,18,32
11/1/2018,1010505,1341996,766487,21688,21,16,28
12/1/2018,1014243,1346968,774259,22351,22,17,29
1/1/2019,1014797,1347706,775456,20015,20,15,26
2/1/2019,1009770,1342354,773090,20788,21,15,27
3/1/2019,1012505,1344089,781345,21603,21,16,28
4/1/2019,1025219,1356750,797419,21509,21,16,27
5/1/2019,1028631,1360269,801237,22259,22,16,28
6/1/2019,1028961,1361615,797540,20601,20,15,26
7/1/2019,1029044,1363183,797028,21730,21,16,27
8/1/2019,1028421,1362614,797028,21541,21,16,27
9/1/2019,1029567,1363494,799306,20704,20,15,26
10/1/2019,1030409,1364372,802316,21885,21,16,27
11/1/2019,1036538,1370671,808287,22851,22,17,28
12/1/2019,1040421,1376232,818007,23294,22,17,28
1/1/2020,1041615,1377511,820547,23657,23,17,29
2/1/2020,1038481,1374046,819138,23205,22,17,28
3/1/2020,1044290,1379075,829575,21143,20,15,25
4/1/2020,1063004,1397802,853937,18065,17,13,21
5/1/2020,1081270,1417002,875074,19619,18,14,22
6/1/2020,1103649,1442530,895896,22062,20,15,25
7/1/2020,1110278,1452428,901997,22122,20,15,25
8/1/2020,1116805,1459982,908942,21710,19,15,24
9/1/2020,1121959,1465237,913481,23138,21,16,25
10/1/2020,1123257,1467149,915251,23185,21,16,25
11/1/2020,1130600,1474788,921798,22977,20,16,25
12/1/2020,1135968,1481346,931401,26788,24,18,29
1/1/2021,1140019,1486049,937944,27444,24,18,29
2/1/2021,1138475,1484661,938826,28091,25,19,30
3/1/2021,1143638,1489504,946780,29664,26,20,31
4/1/2021,1161780,1508227,966156,29389,25,19,30
5/1/2021,1167541,1514550,974759,28813,25,19,30
6/1/2021,1169090,1517627,972878,28814,25,19,30
7/1/2021,1169006,1519544,974426,28707,25,19,29
8/1/2021,1168841,1519880,975289,27284,23,18,28
9/1/2021,1169150,1520054,976952,28451,24,19,29
10/1/2021,1170565,1521814,981422,28771,25,19,29
11/1/2021,1175667,1526988,987081,29647,25,19,30
12/1/2021,1178209,1530952,995195,27936,24,18,28
1/1/2022,1181318,1534404,999611,28792,24,19,29
2/1/2022,1178901,1531834,998669,27078,23,18,27
3/1/2022,1183317,1535932,1005965,26845,23,17,27
4/1/2022,1201850,1555170,1024147,27666,23,18,27
5/1/2022,1204283,1557898,1028341,26848,22,17,26
6/1/2022,1207818,1562326,1027559,27458,23,18,27
7/1/2022,1208802,1564834,1028787,25936,21,17,25
8/1/2022,1208820,1564977,1029334,27993,23,18,27
9/1/2022,1207550,1563248,1028940,27661,23,18,27
10/1/2022,1206441,1561968,1030055,25937,21,17,25
11/1/2022,1212494,1567735,1036389,27679,23,18,27
12/1/2022,1212830,1569348,1042561,28226,23,18,27
1/1/2023,1213246,1569632,1044850,26095,22,17,25
2/1/2023,1209139,1564824,1042014,27347,23,17,26
3/1/2023,1213441,1568192,1050530,27517,23,18,26
4/1/2023,1232694,1587348,1069614,28041,23,18,26
5/1/2023,1236043,1590452,1073421,29123,24,18,27
6/1/2023,1239232,1594243,1071969,31148,25,20,29
7/1/2023,1238894,1594980,1071309,33189,27,21,31
8/1/2023,1238527,1594365,1072589,33477,27,21,31
9/1/2023,1236362,1591825,1072240,32711,26,21,31
10/1/2023,1235314,1590521,1072380,31858,26,20,30
11/1/2023,1239906,1594328,1076205,31602,25,20,29
12/1/2023,1240974,1596244,1082628,33432,27,21,31
1/1/2024,1243089,1598168,1085869,33464,27,21,31
2/1/2024,1238711,1592865,1083150,36011,29,23,33
3/1/2024,1244308,1597225,1092687,39911,32,25,37
4/1/2024,1259987,1612568,1108538,39803,32,25,36
5/1/2024,1258885,1610593,1103435,38274,30,24,35
6/1/2024,1257442,1609481,1098866,38488,31,24,35
7/1/2024,1256914,1610159,1096903,39631,32,25,36
8/1/2024,1254835,1607410,1096165,38126,30,24,35
9/1/2024,1251705,1603474,1092086,38648,31,24,35
10/1/2024,1250064,1601388,1088470,38652,31,24,36
11/1/2024,1254927,1605894,1091366,38054,30,24,35
12/1/2024,1257604,1609740,1096952,38208,30,24,35
1/1/2025,1259458,1610772,1097352,39895,32,25,36
2/1/2025,1253222,1603410,1091963,39572,32,25,36
3/1/2025,1254399,1602961,1093622,37156,30,23,34