Date,M1,M2,M3,M4,FTSE,FTSE/M1,FTSE/M2,FTSE/M3,FTSE/M4
30-Jun-82,,,,145347,,,,,
31-Jul-82,,,,146889,,,,,
31-Aug-82,,,,148227,,,,,
30-Sep-82,,,,149717,,,,,
31-Oct-82,,,,150528,,,,,
30-Nov-82,,,,151956,,,,,
31-Dec-82,,,,153846,,,,,
31-Jan-83,,,,156193,,,,,
28-Feb-83,,,,160421,,,,,
31-Mar-83,,,,161324,,,,,
30-Apr-83,,,,162952,,,,,
31-May-83,,,,164177,,,,,
30-Jun-83,,,,165963,,,,,
31-Jul-83,,,,167454,,,,,
31-Aug-83,,,,168332,,,,,
30-Sep-83,,,,169463,,,,,
31-Oct-83,,,,171033,,,,,
30-Nov-83,,,,172783,,,,,
31-Dec-83,,,,174353,,,,,
31-Jan-84,,,,177093,1063,,,,6002
29-Feb-84,,,,180209,1040,,,,5771
31-Mar-84,,,,179981,1113,,,,6184
30-Apr-84,,,,182589,1138,,,,6233
31-May-84,,,,185104,1021,,,,5516
30-Jun-84,,,,186695,1041,,,,5576
31-Jul-84,,,,188533,1010,,,,5357
31-Aug-84,,,,189247,1104,,,,5834
30-Sep-84,,,,191693,1140,,,,5947
31-Oct-84,,,,193686,1151,,,,5943
30-Nov-84,,,,197225,1181,,,,5988
31-Dec-84,,,,198071,1232,,,,6220
31-Jan-85,,,,202125,1281,,,,6338
28-Feb-85,,,,202903,1260,,,,6210
31-Mar-85,,,,205101,1277,,,,6226
30-Apr-85,,,,206951,1291,,,,6238
31-May-85,,,,208705,1313,,,,6291
30-Jun-85,,,,211046,1235,,,,5852
31-Jul-85,,,,213329,1262,,,,5916
31-Aug-85,,,,215796,1341,,,,6214
30-Sep-85,,,,217678,1290,,,,5926
31-Oct-85,,,,219844,1377,,,,6264
30-Nov-85,,,,221905,1439,,,,6485
31-Dec-85,,,,224127,1413,,,,6304
31-Jan-86,,,,228486,1435,,,,6280
28-Feb-86,,,,232154,1544,,,,6651
31-Mar-86,,,,235364,1669,,,,7091
30-Apr-86,,,,238002,1661,,,,6979
31-May-86,,,,241961,1603,,,,6625
30-Jun-86,,,,244476,1650,,,,6749
31-Jul-86,,,,246534,1558,,,,6320
31-Aug-86,,,,247504,1661,,,,6711
30-Sep-86,83561,83799,,249510,1556,18621,18568,,6236
31-Oct-86,87256,164642,,252007,1632,18704,9912,,6476
30-Nov-86,89619,167201,,255219,1637,18266,9791,,6414
31-Dec-86,87847,167378,,257851,1679,19113,10031,,6512
31-Jan-87,93643,254200,260892,261592,1808,19307,7113,6930,6912
28-Feb-87,94206,255741,262792,267361,1979,21007,7738,7531,7402
31-Mar-87,99565,262952,270049,271124,1998,20067,7598,7399,7369
30-Apr-87,99663,266229,273479,275495,2051,20579,7704,7500,7445
31-May-87,103948,270618,278129,278465,2203,21193,8141,7921,7911
30-Jun-87,105815,273038,280644,281364,2284,21585,8365,8138,8118
31-Jul-87,107929,279062,287640,285338,2361,21875,8460,8208,8274
31-Aug-87,108596,280857,289470,289235,2250,20719,8011,7773,7779
30-Sep-87,110093,282662,291387,292212,2366,21491,8370,8120,8097
31-Oct-87,113814,288624,297658,298059,1750,15376,6063,5879,5871
30-Nov-87,114947,291413,299165,299846,1580,13745,5422,5281,5269
31-Dec-87,112787,292321,301624,304410,1714,15197,5863,5683,5631
31-Jan-88,112906,292719,302296,306886,1791,15863,6118,5925,5836
29-Feb-88,112946,293709,303158,309666,1769,15662,6023,5835,5713
31-Mar-88,117742,302055,312780,317260,1743,14804,5770,5573,5494
30-Apr-88,118931,303418,313435,319968,1802,15152,5939,5749,5632
31-May-88,121611,306702,317167,323944,1785,14678,5820,5628,5510
30-Jun-88,123790,314493,325038,328914,1858,15009,5908,5716,5649
31-Jul-88,124623,321042,332521,335951,1854,14877,5775,5576,5519
31-Aug-88,123985,323110,335396,340493,1754,14147,5428,5230,5151
30-Sep-88,127715,330173,342902,345880,1827,14305,5533,5328,5282
31-Oct-88,128890,333472,345254,350013,1852,14369,5554,5364,5291
30-Nov-88,126623,334713,347395,353601,1792,14152,5354,5158,5068
31-Dec-88,128416,340727,353013,357643,1793,13962,5262,5079,5013
31-Jan-89,126104,340248,352786,363058,2052,16272,6031,5817,5652
28-Feb-89,128912,345153,357769,366630,2002,15530,5800,5596,5461
31-Mar-89,134459,353611,367824,371989,2075,15432,5868,5641,5578
30-Apr-89,132710,355913,369717,375905,2118,15960,5951,5729,5634
31-May-89,137318,362903,375772,382945,2114,15395,5825,5626,5520
30-Jun-89,158970,377289,392510,389648,2151,13531,5701,5480,5520
31-Jul-89,159196,379174,394170,394691,2297,14429,6058,5827,5820
31-Aug-89,160091,384662,399690,401486,2388,14917,6208,5975,5948
30-Sep-89,164770,392608,407865,407468,2299,13953,5856,5637,5642
31-Oct-89,164455,396900,412873,412487,2143,13031,5399,5190,5195
30-Nov-89,165150,399576,415940,417014,2277,13787,5699,5474,5460
31-Dec-89,168357,408307,423973,425692,2423,14392,5934,5715,5692
31-Jan-90,164138,407171,424000,432987,2337,14238,5740,5512,5397
28-Feb-90,165283,409212,426238,437372,2255,13643,5511,5290,5156
31-Mar-90,171717,420810,438838,441613,2248,13091,5342,5123,5090
30-Apr-90,171002,422798,440594,445333,2103,12298,4974,4773,4722
31-May-90,172585,426768,444375,450222,2345,13588,5495,5277,5209
30-Jun-90,177009,434109,452468,457593,2375,13417,5471,5249,5190
31-Jul-90,174286,433110,450892,458900,2326,13346,5370,5159,5069
31-Aug-90,172203,434870,453659,462466,2163,12561,4974,4768,4677
30-Sep-90,177515,443044,462052,466684,1990,11210,4492,4307,4264
31-Oct-90,175853,441264,459965,470399,2050,11657,4646,4457,4358
30-Nov-90,178275,448013,466132,474938,2149,12054,4797,4610,4525
31-Dec-90,179029,450371,466746,477124,2144,11976,4761,4594,4494
31-Jan-91,174324,445837,463782,480489,2170,12448,4867,4679,4516
28-Feb-91,174474,445973,462733,482727,2381,13647,5339,5146,4932
31-Mar-91,180070,453347,471056,484091,2457,13645,5420,5216,5075
30-Apr-91,178767,452696,471061,488382,2486,13906,5492,5277,5090
31-May-91,182331,457539,474525,490424,2500,13711,5464,5268,5098
30-Jun-91,185210,461327,477846,492908,2415,13039,5235,5054,4899
31-Jul-91,181565,458331,475002,493716,2589,14259,5649,5451,5244
31-Aug-91,180004,459227,475058,495246,2646,14700,5762,5570,5343
30-Sep-91,186067,464517,479618,498393,2622,14092,5645,5467,5261
31-Oct-91,181008,460281,476381,498657,2566,14176,5575,5386,5146
30-Nov-91,183658,462493,479035,501139,2420,13177,5233,5052,4829
31-Dec-91,183763,463759,480198,504621,2493,13566,5376,5192,4940
31-Jan-92,181662,463392,480238,505677,2571,14153,5548,5354,5084
29-Feb-92,181842,463423,480762,508535,2562,14089,5528,5329,5038
31-Mar-92,188024,468593,486309,508816,2440,12977,5207,5017,4795
30-Apr-92,187699,470870,486007,511974,2654,14140,5636,5461,5184
31-May-92,188056,470405,485610,512695,2708,14400,5757,5576,5282
30-Jun-92,189989,473787,489176,514693,2521,13269,5321,5154,4898
31-Jul-92,186947,474189,489456,516502,2400,12838,5061,4903,4647
31-Aug-92,184141,472332,488479,517693,2313,12561,4897,4735,4468
30-Sep-92,191295,479167,493543,520041,2553,13346,5328,5173,4909
31-Oct-92,192629,483802,498276,523220,2658,13799,5494,5334,5080
30-Nov-92,195819,484577,499545,520364,2779,14192,5735,5563,5340
31-Dec-92,191757,482374,497351,517994,2847,14847,5902,5724,5496
31-Jan-93,189553,479443,494181,517784,2807,14809,5855,5680,5421
28-Feb-93,192026,480850,496535,519631,2868,14935,5964,5776,5519
31-Mar-93,196573,484811,500516,521881,2879,14646,5938,5752,5517
30-Apr-93,196168,486297,500444,523247,2813,14340,5785,5621,5376
31-May-93,198991,488799,502527,526065,2841,14277,5812,5653,5400
30-Jun-93,200963,491466,505243,526473,2900,14431,5901,5740,5508
31-Jul-93,201165,494300,508687,529213,2927,14550,5922,5754,5531
31-Aug-93,203072,495617,509199,531529,3100,15266,6255,6088,5832
30-Sep-93,204579,497755,510516,532859,3038,14850,6103,5951,5701
31-Oct-93,203856,499994,513278,537560,3171,15555,6342,6178,5899
30-Nov-93,209227,504475,518161,539538,3167,15137,6278,6112,5870
31-Dec-93,210927,509826,522839,543199,3418,16205,6704,6537,6292
31-Jan-94,212538,507129,520810,547414,3492,16430,6886,6705,6379
28-Feb-94,214541,511249,524967,549297,3328,15512,6510,6339,6059
31-Mar-94,219160,517109,531705,551762,3086,14081,5968,5804,5593
30-Apr-94,216936,514417,529787,554338,3125,14405,6075,5899,5637
31-May-94,219802,519162,535165,555176,2971,13517,5723,5552,5351
30-Jun-94,217632,518464,535124,554871,2919,13413,5630,5455,5261
31-Jul-94,217784,518277,535606,555181,3083,14156,5949,5756,5553
31-Aug-94,219561,518621,536380,558191,3251,14807,6269,6061,5824
30-Sep-94,220399,522644,540306,559900,3026,13730,5790,5601,5405
31-Oct-94,218063,519860,538441,561339,3097,14202,5957,5752,5517
30-Nov-94,221095,524937,544290,565208,3081,13935,5869,5661,5451
31-Dec-94,218013,527293,546590,566737,3066,14063,5815,5609,5410
31-Jan-95,218028,525680,544928,570453,2992,13723,5692,5491,5245
28-Feb-95,221806,530191,549570,573961,3009,13566,5675,5475,5243
31-Mar-95,233846,545362,564596,578869,3138,13419,5754,5558,5421
30-Apr-95,228208,543088,562333,582131,3217,14097,5924,5721,5526
31-May-95,232410,548175,568138,588236,3319,14281,6055,5842,5642
30-Jun-95,232449,553005,573118,590883,3315,14261,5995,5784,5610
31-Jul-95,236108,560097,580101,600483,3463,14667,6183,5970,5767
31-Aug-95,245470,564261,584634,604134,3478,14169,6164,5949,5757
30-Sep-95,251377,569361,589412,606275,3508,13955,6161,5952,5786
31-Oct-95,247583,570680,591028,611300,3529,14254,6184,5971,5773
30-Nov-95,249812,577600,597293,616998,3664,14667,6343,6134,5938
31-Dec-95,249216,580958,613898,622377,3689,14802,6350,6009,5927
31-Jan-96,250562,583665,628422,631958,3759,15002,6440,5982,5948
29-Feb-96,251192,587353,637703,631114,3728,14841,6347,5846,5907
31-Mar-96,260107,599461,648300,635054,3700,14225,6172,5707,5826
30-Apr-96,259556,599793,652501,640131,3818,14710,6366,5851,5964
31-May-96,259870,604038,658079,643820,3748,14423,6205,5695,5822
30-Jun-96,269749,614984,667870,649516,3711,13757,6034,5556,5713
31-Jul-96,267076,615315,674680,654442,3703,13865,6018,5489,5658
31-Aug-96,263626,618166,677736,669142,3868,14672,6257,5707,5781
30-Sep-96,278643,629686,684118,667881,3954,14190,6279,5780,5920
31-Oct-96,268664,623853,682395,674049,3979,14810,6378,5831,5903
30-Nov-96,274377,633472,702643,681906,4058,14790,6406,5775,5951
31-Dec-96,271280,636776,690859,681507,4119,15184,6469,5962,6044
31-Jan-97,274230,643358,706794,693818,4276,15593,6646,6050,6163
28-Feb-97,277033,650997,719374,699872,4308,15550,6618,5989,6155
31-Mar-97,288854,663542,729981,708626,4313,14931,6500,5908,6086
30-Apr-97,288107,661357,726204,705797,4436,15397,6707,6108,6285
31-May-97,297794,671899,740306,715218,4621,15517,6878,6242,6461
30-Jun-97,326303,698110,759021,724655,4605,14113,6596,6067,6355
31-Jul-97,331402,699655,769842,731859,4908,14810,7015,6375,6706
31-Aug-97,325455,700945,771968,736570,4818,14804,6874,6241,6541
30-Sep-97,331354,663395,730951,707313,5244,15826,7905,7174,7414
31-Oct-97,327788,677922,753001,709601,4842,14772,7142,6430,6824
30-Nov-97,334472,685620,762986,716696,4832,14447,7048,6333,6742
31-Dec-97,327876,688552,761369,719881,5136,15664,7459,6746,7135
31-Jan-98,331633,686461,769915,728551,5459,16461,7952,7090,7493
28-Feb-98,335391,691527,783753,734225,5767,17195,8340,7358,7855
31-Mar-98,351540,704427,792835,739481,5932,16874,8421,7482,8022
30-Apr-98,342578,701242,794952,741916,5928,17304,8454,7457,7990
31-May-98,351488,709788,812122,744757,5871,16703,8271,7229,7883
30-Jun-98,360803,714647,813711,752350,5833,16167,8162,7168,7753
31-Jul-98,352855,716703,823570,765242,5837,16542,8144,7087,7628
31-Aug-98,348770,716844,822478,760246,5249,15050,7322,6382,6904
30-Sep-98,359890,725095,826204,771924,5064,14071,6984,6129,6560
31-Oct-98,358894,724489,826071,772179,5438,15152,7506,6583,7042
30-Nov-98,368982,730102,831196,780093,5744,15567,7867,6911,7363
31-Dec-98,353920,728400,821789,781154,5883,16622,8077,7159,7531
31-Jan-99,359951,720770,817074,785811,5896,16380,8180,7216,7503
28-Feb-99,362493,724766,824741,790310,6175,17035,8520,7487,7813
31-Mar-99,374161,731758,832631,789385,6295,16824,8603,7560,7975
30-Apr-99,369023,734161,835921,797854,6552,17755,8924,7838,8212
31-May-99,372564,742240,844372,799694,6226,16711,8388,7374,7785
30-Jun-99,388420,748520,842781,796148,6319,16268,8442,7498,7937
31-Jul-99,382941,744845,840654,796066,6232,16274,8367,7413,7828
31-Aug-99,386005,743447,843164,796685,6246,16181,8401,7408,7840
30-Sep-99,390568,741415,839107,795997,6030,15439,8133,7186,7575
31-Oct-99,391250,741775,838444,799782,6256,15990,8434,7461,7822
30-Nov-99,400650,747948,854290,806081,6597,16466,8820,7722,8184
31-Dec-99,390731,751354,842065,813215,6930,17736,9223,8230,8522
31-Jan-00,402359,747357,838569,812325,6269,15581,8388,7476,7717
29-Feb-00,404313,754296,855994,816746,6233,15416,8263,7282,7632
31-Mar-00,418147,768714,885160,831226,6540,15640,8508,7388,7868
30-Apr-00,418631,776781,891669,839228,6327,15114,8145,7096,7539
31-May-00,430526,790271,915537,844460,6359,14770,8047,6946,7530
30-Jun-00,438814,799112,920679,850172,6313,14387,7900,6857,7426
31-Jul-00,437535,795881,913255,853684,6365,14547,7997,6970,7456
31-Aug-00,435987,799883,921507,865896,6673,15306,8342,7241,7706
30-Sep-00,446786,809750,920246,867444,6294,14087,7773,6839,7256
31-Oct-00,450245,812862,930029,875496,6438,14299,7920,6922,7354
30-Nov-00,448926,815418,938950,874529,6142,13682,7532,6541,7023
31-Dec-00,451750,823694,937378,881584,6223,13775,7555,6639,7059
31-Jan-01,457305,824200,945992,892264,6298,13772,7641,6658,7058
28-Feb-01,459585,823661,947673,892962,5918,12877,7185,6245,6627
31-Mar-01,482339,851645,982075,900340,5634,11681,6615,5737,6258
30-Apr-01,478628,851960,991680,904726,5967,12467,7004,6017,6595
31-May-01,482980,855257,995776,906110,5796,12000,6777,5821,6397
30-Jun-01,491547,860079,997434,915171,5643,11480,6561,5658,6166
31-Jul-01,492632,865327,999586,921006,5529,11223,6389,5531,6003
31-Aug-01,484083,866635,1013161,928430,5345,11041,6168,5276,5757
30-Sep-01,505598,886434,1018918,938020,4903,9697,5531,4812,5227
31-Oct-01,502863,886587,1027311,942720,5040,10023,5685,4906,5346
30-Nov-01,505822,886914,1037955,944256,5204,10288,5868,5014,5511
31-Dec-01,501962,891849,1023825,940144,5217,10393,5850,5096,5549
31-Jan-02,495981,874283,1005553,942283,5165,10414,5908,5136,5481
28-Feb-02,496013,876133,1016983,949316,5101,10284,5822,5016,5373
31-Mar-02,508735,894469,1037198,949388,5272,10363,5894,5083,5553
30-Apr-02,503636,895071,1041955,954236,5166,10257,5772,4958,5414
31-May-02,507596,902136,1056328,955124,5085,10018,5637,4814,5324
30-Jun-02,528891,912753,1053359,969559,4656,8803,5101,4420,4802
31-Jul-02,522458,908545,1040754,973131,4246,8127,4673,4080,4363
31-Aug-02,521244,916950,1053994,981643,4227,8109,4610,4010,4306
30-Sep-02,540300,924979,1068215,991436,3722,6889,4024,3484,3754
31-Oct-02,535512,927149,1070278,994814,4040,7544,4357,3775,4061
30-Nov-02,540369,930979,1080764,1000251,4169,7715,4478,3857,4168
31-Dec-02,541918,932333,1065938,1005772,3940,7270,4226,3696,3917
31-Jan-03,538903,921137,1058140,1004829,3567,6619,3872,3371,3550
28-Feb-03,543957,932131,1078798,1011714,3656,6721,3922,3389,3614
31-Mar-03,560638,943038,1086546,1017714,3613,6444,3831,3325,3550
30-Apr-03,552705,946519,1100413,1028188,3926,7103,4148,3568,3818
31-May-03,567765,958254,1102860,1029298,4048,7130,4224,3670,3933
30-Jun-03,572362,967892,1118734,1043347,4031,7043,4165,3603,3864
31-Jul-03,561559,961550,1110006,1038601,4157,7403,4323,3745,4002
31-Aug-03,567110,968751,1118970,1041271,4161,7337,4295,3719,3996
30-Sep-03,584193,977821,1131657,1052911,4091,7003,4184,3615,3885
31-Oct-03,583603,978395,1136044,1054511,4288,7347,4383,3775,4066
30-Nov-03,593071,990431,1152802,1067844,4343,7323,4385,3767,4067
31-Dec-03,593848,997603,1154822,1077569,4477,7539,4488,3877,4155
31-Jan-04,599204,996418,1183817,1091146,4391,7328,4407,3709,4024
29-Feb-04,599676,1002613,1178155,1095113,4492,7491,4480,3813,4102
31-Mar-04,621874,1019888,1199007,1099186,4386,7053,4300,3658,3990
30-Apr-04,621945,1027634,1216776,1106439,4490,7219,4369,3690,4058
31-May-04,622445,1041602,1224479,1117180,4431,7119,4254,3619,3966
30-Jun-04,642165,1054881,1237892,1127839,4464,6951,4232,3606,3958
31-Jul-04,636944,1051677,1223755,1134118,4413,6928,4196,3606,3891
31-Aug-04,647188,1065131,1239316,1147978,4459,6890,4186,3598,3884
30-Sep-04,655331,1077547,1241290,1149438,4571,6975,4242,3682,3977
31-Oct-04,657842,1080996,1250692,1158525,4624,7029,4278,3697,3991
30-Nov-04,672219,1095704,1269820,1165566,4703,6996,4292,3704,4035
31-Dec-04,669244,1099271,1263843,1173579,4814,7193,4379,3809,4102
31-Jan-05,675506,1100389,1276761,1190074,4852,7183,4409,3800,4077
28-Feb-05,677996,1103576,1281810,1198017,4969,7329,4503,3877,4148
31-Mar-05,696570,1125672,1303305,1212723,4894,7026,4348,3755,4036
30-Apr-05,686966,1139563,1323029,1220521,4802,6990,4214,3630,3934
31-May-05,710084,1166748,1354145,1240022,4964,6991,4255,3666,4003
30-Jun-05,716384,1170749,1360132,1243610,5113,7137,4367,3759,4111
31-Jul-05,713824,1175688,1362791,1258050,5282,7400,4493,3876,4199
31-Aug-05,720320,1172930,1353277,1262132,5297,7354,4516,3914,4197
30-Sep-05,735656,1198139,1390408,1277414,5478,7446,4572,3940,4288
31-Oct-05,735231,1201196,1400467,1290024,5317,7232,4426,3797,4122
30-Nov-05,751444,1215166,1408929,1307048,5423,7217,4463,3849,4149
31-Dec-05,756281,1229525,1424566,1322161,5619,7430,4570,3944,4250
31-Jan-06,749760,1222394,1415398,1331059,5760,7682,4712,4070,4327
28-Feb-06,760417,1239203,1441421,1344418,5792,7617,4674,4018,4308
31-Mar-06,778594,1261785,1489864,1361171,5965,7661,4727,4004,4382
30-Apr-06,774343,1274515,1502068,1376685,6023,7778,4726,4010,4375
31-May-06,785442,1289386,1508822,1384688,5724,7288,4439,3794,4134
30-Jun-06,789344,1305733,1523221,1411749,5833,7390,4467,3829,4132
31-Jul-06,789999,1311203,1524527,1423634,5928,7504,4521,3888,4164
31-Aug-06,793105,1319848,1533328,1436598,5906,7447,4475,3852,4111
30-Sep-06,802905,1345675,1568903,1460833,5961,7424,4430,3799,4081
31-Oct-06,809591,1357359,1584567,1470974,6129,7570,4515,3868,4167
30-Nov-06,821970,1374432,1596901,1477272,6049,7359,4401,3788,4095
31-Dec-06,836518,1403203,1613079,1492758,6221,7437,4433,3857,4167
31-Jan-07,822779,1390989,1614534,1501069,6203,7539,4459,3842,4132
28-Feb-07,828880,1405316,1631097,1514379,6172,7446,4392,3784,4076
31-Mar-07,850238,1442293,1666884,1537587,6308,7419,4374,3784,4103
30-Apr-07,839395,1461412,1695043,1555679,6449,7683,4413,3805,4145
31-May-07,867673,1490016,1737024,1576777,6622,7632,4444,3812,4200
30-Jun-07,883075,1506920,1743928,1591110,6608,7483,4385,3789,4153
31-Jul-07,883418,1510170,1753713,1610096,6360,7199,4211,3627,3950
31-Aug-07,890115,1535160,1760308,1635322,6303,7081,4106,3581,3854
30-Sep-07,915076,1545391,1783727,1647909,6467,7067,4185,3626,3924
31-Oct-07,913111,1522679,1766079,1641938,6722,7362,4415,3806,4094
30-Nov-07,926993,1542246,1798699,1642817,6433,6940,4171,3576,3916
31-Dec-07,922297,1558272,1817043,1669809,6457,7001,4144,3554,3867
31-Jan-08,1010095,1607026,1878761,1687786,5880,5821,3659,3130,3484
29-Feb-08,1007677,1606854,1890125,1693748,5884,5839,3662,3113,3474
31-Mar-08,1033880,1648987,1939942,1712521,5702,5515,3458,2939,3330
30-Apr-08,1002412,1652832,1947839,1722928,6087,6072,3683,3125,3533
31-May-08,1005326,1668410,1964533,1736237,6054,6022,3629,3082,3487
30-Jun-08,1011527,1682767,1965777,1760100,5626,5562,3343,2862,3196
31-Jul-08,987128,1667418,1950121,1772835,5412,5483,3246,2775,3053
31-Aug-08,971736,1673747,1973932,1799870,5637,5801,3368,2856,3132
30-Sep-08,999615,1694778,1979156,1825893,4903,4905,2893,2477,2685
31-Oct-08,986490,1737151,2059690,1873810,4377,4437,2520,2125,2336
30-Nov-08,1016760,1797074,2117248,1898747,4288,4217,2386,2025,2258
31-Dec-08,1029356,1842506,2137477,1933955,4434,4308,2407,2074,2293
31-Jan-09,1037596,1841965,2174771,1968685,4150,4000,2253,1908,2108
28-Feb-09,1035691,1825142,2178486,1992441,3830,3698,2098,1758,1922
31-Mar-09,1045565,1854660,2184558,2004691,3926,3755,2117,1797,1958
30-Apr-09,1007574,1829386,2170785,1977669,4244,4212,2320,1955,2146
31-May-09,1010491,1829611,2160636,1986026,4418,4372,2415,2045,2225
30-Jun-09,1010426,1822724,2145521,1979232,4249,4205,2331,1980,2147
31-Jul-09,995665,1819961,2142165,1987569,4608,4628,2532,2151,2318
31-Aug-09,1001048,1829288,2163255,1990810,4909,4904,2684,2269,2466
30-Sep-09,1052713,1868472,2192640,2010937,5134,4877,2748,2341,2553
31-Oct-09,1047460,1893394,2224155,2048349,5045,4816,2665,2268,2463
30-Nov-09,1066825,1904973,2228285,2041718,5191,4866,2725,2330,2542
31-Dec-09,1061454,1906978,2194011,2043169,5413,5100,2839,2467,2649
31-Jan-10,1085517,2084357,2379910,2211344,5189,4780,2489,2180,2347
28-Feb-10,1099975,2103024,2404223,2218096,5355,4868,2546,2227,2414
31-Mar-10,1114759,2105103,2405016,2225237,5680,5095,2698,2362,2553
30-Apr-10,1082850,2078849,2387417,2209152,5553,5128,2671,2326,2514
31-May-10,1103421,2097977,2393278,2203267,5188,4702,2473,2168,2355
30-Jun-10,1119393,2102444,2378543,2207289,4917,4393,2339,2067,2228
31-Jul-10,1098996,2084725,2366105,2203004,5258,4784,2522,2222,2387
31-Aug-10,1084440,2070915,2351524,2179168,5225,4818,2523,2222,2398
30-Sep-10,1088855,2088868,2365930,2183305,5549,5096,2656,2345,2542
31-Oct-10,1091191,2090616,2373553,2174223,5675,5201,2715,2391,2610
30-Nov-10,1085904,2087239,2353410,2160992,5528,5091,2648,2349,2558
31-Dec-10,1080439,2092612,2323609,2155036,5900,5461,2819,2539,2738
31-Jan-11,1067747,2055967,2313305,2154763,5863,5491,2852,2534,2721
28-Feb-11,1064093,2042804,2321974,2154406,5994,5633,2934,2581,2782
31-Mar-11,1096406,2083976,2347111,2168252,5909,5389,2835,2518,2725
30-Apr-11,1068880,2086050,2352119,2159688,6070,5679,2910,2581,2811
31-May-11,1090810,2089824,2364565,2167580,5990,5491,2866,2533,2763
30-Jun-11,1081145,2090677,2343657,2161620,5946,5500,2844,2537,2751
31-Jul-11,1079598,2077511,2332966,2154962,5815,5386,2799,2493,2698
31-Aug-11,1092195,2081434,2328918,2144672,5395,4940,2592,2317,2516
30-Sep-11,1104685,2100529,2345838,2132439,5129,4643,2442,2186,2405
31-Oct-11,1090285,2068917,2312945,2111673,5544,5085,2680,2397,2625
30-Nov-11,1117138,2079769,2310330,2094949,5505,4928,2647,2383,2628
31-Dec-11,1081410,2047997,2266224,2086671,5572,5153,2721,2459,2670
31-Jan-12,1084053,2035777,2280334,2100311,5682,5241,2791,2492,2705
29-Feb-12,1078247,1996267,2252935,2074401,5872,5446,2941,2606,2831
31-Mar-12,1100790,2025447,2269930,2072328,5769,5241,2848,2541,2784
30-Apr-12,1074958,2034388,2290224,2087555,5738,5338,2821,2505,2749
31-May-12,1089496,2044150,2308892,2092466,5321,4884,2603,2305,2543
30-Jun-12,1113740,2034530,2286645,2069652,5571,5002,2738,2436,2692
31-Jul-12,1114527,2028748,2298786,2068077,5635,5056,2778,2451,2725
31-Aug-12,1101137,2019746,2289479,2072488,5712,5187,2828,2495,2756
30-Sep-12,1132131,2032024,2308780,2080074,5742,5072,2826,2487,2760
31-Oct-12,1126767,2016458,2304434,2067990,5783,5132,2868,2510,2796
30-Nov-12,1146558,2026771,2307003,2061524,5867,5117,2895,2543,2846
31-Dec-12,1155239,2058147,2327083,2090260,5898,5105,2866,2535,2822
31-Jan-13,1157242,2042104,2344580,2099081,6277,5424,3074,2677,2990
28-Feb-13,1170962,2055506,2356041,2103010,6361,5432,3095,2700,3025
31-Mar-13,1196504,2076382,2365874,2096063,6412,5359,3088,2710,3059
30-Apr-13,1192529,2077230,2377905,2095236,6430,5392,3095,2704,3069
31-May-13,1207141,2083502,2404786,2096215,6583,5453,3160,2737,3140
30-Jun-13,1227175,2095651,2405517,2097955,6216,5065,2966,2584,2963
31-Jul-13,1228544,2101376,2411224,2109235,6621,5389,3151,2746,3139
31-Aug-13,1222933,2102472,2419452,2120915,6413,5244,3050,2651,3024
30-Sep-13,1240196,2098353,2401599,2144190,6462,5210,3080,2691,3014
31-Oct-13,1250308,2098329,2396475,2131230,6731,5383,3208,2809,3158
30-Nov-13,1271822,2108915,2413077,2133426,6651,5230,3154,2756,3118
31-Dec-13,1279731,2088309,2362530,2104735,6749,5274,3232,2857,3207
31-Jan-14,1281287,2080589,2389416,2129522,6510,5081,3129,2725,3057
28-Feb-14,1293726,2093907,2419385,2147177,6810,5264,3252,2815,3172
31-Mar-14,1318447,2087346,2373954,2115699,6598,5004,3161,2779,3119
30-Apr-14,1307150,2071500,2372912,2106012,6780,5187,3273,2857,3219
31-May-14,1321918,2074343,2378566,2099971,6845,5178,3300,2878,3260
30-Jun-14,1336076,2075355,2369611,2111760,6744,5048,3250,2846,3194
31-Jul-14,1329388,2068208,2361144,2105743,6730,5062,3254,2850,3196
31-Aug-14,1324428,2065530,2379075,2110493,6820,5149,3302,2867,3231
30-Sep-14,1345422,2077291,2368315,2111282,6623,4923,3188,2797,3137
31-Oct-14,1339578,2058439,2355619,2094879,6547,4887,3181,2779,3125
30-Nov-14,1364379,2076989,2378266,2094876,6723,4928,3237,2827,3209
31-Dec-14,1370980,2086864,2355042,2103418,6566,4789,3146,2788,3122
31-Jan-15,1374147,2062511,2344554,2090737,6749,4911,3272,2879,3228
28-Feb-15,1367558,2054233,2343017,2085833,6947,5080,3382,2965,3331
31-Mar-15,1402650,2088347,2367424,2110605,6773,4829,3243,2861,3209
30-Apr-15,1393977,2084126,2366810,2110927,6961,4994,3340,2941,3298
31-May-15,1403350,2092550,2377022,2120829,6984,4977,3338,2938,3293
30-Jun-15,1417322,2096810,2358527,2111011,6521,4601,3110,2765,3089
31-Jul-15,1427605,2108678,2379909,2122462,6696,4690,3175,2814,3155
31-Aug-15,1422947,2106787,2385885,2106936,6248,4391,2966,2619,2965
30-Sep-15,1444924,2115616,2371473,2099182,6062,4195,2865,2556,2888
31-Oct-15,1454742,2124056,2379331,2103425,6361,4373,2995,2673,3024
30-Nov-15,1467135,2132942,2395499,2112976,6356,4332,2980,2653,3008
31-Dec-15,1460532,2134700,2387951,2115119,6242,4274,2924,2614,2951
31-Jan-16,1471261,2145396,2405250,2117287,6084,4135,2836,2529,2873
29-Feb-16,1499729,2167342,2435209,2134835,6097,4065,2813,2504,2856
31-Mar-16,1522403,2178738,2440460,2134932,6175,4056,2834,2530,2892
30-Apr-16,1507905,2168656,2437802,2130405,6242,4140,2878,2561,2930
31-May-16,1531728,2182445,2460979,2155158,6231,4068,2855,2532,2891
30-Jun-16,1596184,2253979,2540055,2188939,6504,4075,2886,2561,2971
31-Jul-16,1597060,2262843,2573162,2208696,6724,4210,2971,2613,3044
31-Aug-16,1603433,2275872,2595917,2224217,6782,4230,2980,2613,3049
30-Sep-16,1609311,2281887,2603111,2228604,6899,4287,3023,2650,3096
31-Oct-16,1618050,2295118,2640043,2245948,6954,4298,3030,2634,3096
30-Nov-16,1616999,2285837,2650194,2252109,6784,4195,2968,2560,3012
31-Dec-16,1622180,2284024,2623525,2246211,7143,4403,3127,2723,3180
31-Jan-17,1606038,2265458,2642655,2263617,7099,4420,3134,2686,3136
28-Feb-17,1613995,2266093,2679539,2260709,7263,4500,3205,2711,3213
31-Mar-17,1650695,2289209,2701204,2292556,7323,4436,3199,2711,3194
30-Apr-17,1644303,2292605,2723391,2316235,7204,4381,3142,2645,3110
31-May-17,1663339,2311609,2729640,2312019,7520,4521,3253,2755,3253
30-Jun-17,1675576,2327126,2732932,2313710,7313,4364,3143,2676,3161
31-Jul-17,1671181,2318764,2747133,2310613,7372,4411,3179,2684,3190
31-Aug-17,1684731,2339701,2782209,2329423,7431,4411,3176,2671,3190
30-Sep-17,1702523,2347196,2784804,2355418,7373,4331,3141,2648,3130
31-Oct-17,1695412,2343137,2805662,2359710,7493,4420,3198,2671,3175
30-Nov-17,1705048,2352839,2825364,2361602,7327,4297,3114,2593,3103
31-Dec-17,1701758,2347812,2785885,2355028,7688,4518,3275,2760,3265
31-Jan-18,1699029,2339727,2818378,2384973,7534,4434,3220,2673,3159
28-Feb-18,1694052,2335348,2819907,2376269,7232,4269,3097,2565,3043
31-Mar-18,1702449,2338532,2779712,2359443,7057,4145,3018,2539,2991
30-Apr-18,1701769,2346938,2791676,2361684,7509,4412,3199,2690,3180
31-May-18,1730964,2373761,2833373,2377282,7678,4436,3235,2710,3230
30-Jun-18,1749894,2385100,2827878,2375083,7637,4364,3202,2701,3215
31-Jul-18,1740079,2375341,2828944,2380094,7749,4453,3262,2739,3256
31-Aug-18,1747531,2385214,2842004,2378340,7432,4253,3116,2615,3125
30-Sep-18,1763645,2397155,2848633,2382825,7510,4258,3133,2636,3152
31-Oct-18,1784344,2419393,2886487,2392493,7128,3995,2946,2469,2979
30-Nov-18,1785541,2426417,2910104,2390626,6980,3909,2877,2399,2920
31-Dec-18,1775685,2420499,2897741,2411085,6728,3789,2780,2322,2790
31-Jan-19,1747380,2386334,2864518,2406717,6969,3988,2920,2433,2896
28-Feb-19,1736825,2377177,2837069,2413527,7075,4074,2976,2494,2931
31-Mar-19,1754522,2404740,2840100,2417659,7279,4149,3027,2563,3011
30-Apr-19,1750726,2408328,2860377,2432738,7418,4237,3080,2593,3049
31-May-19,1763612,2410506,2874216,2429665,7162,4061,2971,2492,2948
30-Jun-19,1773700,2426921,2874566,2430945,7426,4187,3060,2583,3055
31-Jul-19,1776656,2420586,2883337,2443394,7587,4270,3134,2631,3105
31-Aug-19,1797051,2440790,2903573,2459602,7207,4010,2953,2482,2930
30-Sep-19,1811871,2440731,2886847,2474875,7408,4089,3035,2566,2993
31-Oct-19,1799648,2422523,2871163,2478681,7248,4027,2992,2524,2924
30-Nov-19,1819234,2443749,2908698,2499528,7347,4039,3006,2526,2939
31-Dec-19,1812159,2448583,2886737,2501997,7542,4162,3080,2613,3014
31-Jan-20,1806042,2436490,2892081,2523333,7286,4034,2990,2519,2887
29-Feb-20,1825177,2459785,2921999,2534668,6581,3606,2675,2252,2596
31-Mar-20,1949252,2593974,3081384,2618847,5672,2910,2187,1841,2166
30-Apr-20,1974869,2628158,3107845,2667443,5901,2988,2245,1899,2212
31-May-20,2025615,2687660,3160165,2721037,6077,3000,2261,1923,2233
30-Jun-20,2051540,2711966,3182092,2751966,6170,3007,2275,1939,2242
31-Jul-20,2065899,2719805,3200211,2778268,5898,2855,2169,1843,2123
31-Aug-20,2078755,2729644,3184543,2763826,5964,2869,2185,1873,2158
30-Sep-20,2096425,2733627,3206464,2782480,5866,2798,2146,1829,2108
31-Oct-20,2131837,2769501,3208463,2774455,5577,2616,2014,1738,2010
30-Nov-20,2159573,2790183,3229194,2794494,6266,2901,2246,1940,2242
31-Dec-20,2179533,2808339,3250823,2812323,6461,2964,2301,1987,2297
31-Jan-21,2175793,2798300,3250617,2834024,6408,2945,2290,1971,2261
28-Feb-21,2194582,2818002,3270510,2855884,6483,2954,2301,1982,2270
31-Mar-21,2233877,2847895,3303094,2874617,6714,3006,2358,2033,2336
30-Apr-21,2247517,2865871,3329756,2885048,6970,3101,2432,2093,2416
31-May-21,2251440,2871793,3350088,2894837,7023,3119,2446,2096,2426
30-Jun-21,2281427,2897604,3374829,2916964,7038,3085,2429,2085,2413
31-Jul-21,2279466,2897091,3372690,2917240,7032,3085,2427,2085,2410
31-Aug-21,2284956,2901412,3393316,2931230,7120,3116,2454,2098,2429
30-Sep-21,2326605,2935673,3446725,2947781,7086,3046,2414,2056,2404
31-Oct-21,2356367,2964238,3468436,2969037,7238,3072,2442,2087,2438
30-Nov-21,2376142,2986359,3510970,2987772,7060,2971,2364,2011,2363
31-Dec-21,2372170,2979932,3488172,2990212,7385,3113,2478,2117,2470
31-Jan-22,2351964,2952654,3457865,2992963,7464,3174,2528,2159,2494
28-Feb-22,2367688,2968786,3515071,3027035,7458,3150,2512,2122,2464
31-Mar-22,2416450,3017321,3544223,3028470,7516,3110,2491,2121,2482
30-Apr-22,2404371,3029237,3543557,3025281,7545,3138,2491,2129,2494
31-May-22,2422960,3040424,3540696,3041639,7608,3140,2502,2149,2501
30-Jun-22,2450743,3075275,3566080,3032989,7169,2925,2331,2010,2364
31-Jul-22,2450498,3080642,3571885,3045597,7423,3029,2410,2078,2437
31-Aug-22,2468431,3113062,3592705,3048371,7284,2951,2340,2027,2389
30-Sep-22,2575027,3224688,3704873,3107675,6894,2677,2138,1861,2218
31-Oct-22,2489997,3128927,3681850,3113276,7095,2849,2268,1927,2279
30-Nov-22,2460540,3114601,3631868,3063809,7573,3078,2431,2085,2472
31-Dec-22,2385914,3069201,3588968,3038358,7452,3123,2428,2076,2453
31-Jan-23,2382252,3070524,3586698,3074750,7772,3262,2531,2167,2528
28-Feb-23,2370188,3071702,3586933,3059056,7876,3323,2564,2196,2575
31-Mar-23,2345960,3055914,3570536,3036952,7632,3253,2497,2137,2513
30-Apr-23,2317970,3044293,3544176,3032312,7871,3396,2585,2221,2596
31-May-23,2314168,3057454,3558929,3038882,7446,3218,2435,2092,2450
30-Jun-23,2303815,3056166,3562555,3034907,7532,3269,2465,2114,2482
31-Jul-23,2283652,3053644,3541619,3013033,7699,3371,2521,2174,2555
31-Aug-23,2254398,3042375,3551072,3023679,7439,3300,2445,2095,2460
30-Sep-23,2232090,3040442,3545624,2982203,7608,3408,2502,2146,2551
31-Oct-23,2230628,3003787,3494601,2988483,7322,3282,2438,2095,2450
30-Nov-23,2223580,3003277,3499639,2987508,7454,3352,2482,2130,2495
31-Dec-23,2232740,3022608,3531477,3003633,7733,3463,2558,2190,2575
31-Jan-24,2191900,2980535,3475163,2999194,7631,3481,2560,2196,2544
29-Feb-24,2200517,2995086,3501780,3015856,7630,3467,2548,2179,2530
31-Mar-24,2235884,3041516,3574907,3039646,7953,3557,2615,2225,2616
30-Apr-24,2203708,3031685,3542613,3043214,8144,3696,2686,2299,2676
31-May-24,2211440,3037635,3542567,3040354,8275,3742,2724,2336,2722
30-Jun-24,2203513,3031120,3536695,3056687,8164,3705,2693,2308,2671
31-Jul-24,2207828,3044964,3540263,3067485,8368,3790,2748,2364,2728
31-Aug-24,2172683,3026170,3507358,3065384,8377,3856,2768,2388,2733
30-Sep-24,2209967,3049166,3554390,3082623,8237,3727,2701,2317,2672
31-Oct-24,2225692,3071062,3569604,3079470,8110,3644,2641,2272,2634
30-Nov-24,2239065,3083181,3600893,3079440,8287,3701,2688,2301,2691
31-Dec-24,2227110,3088609,3582904,3084208,8173,3670,2646,2281,2650
31-Jan-25,2242859,3096822,3627157,3117141,8674,3867,2801,2391,2783
28-Feb-25,2238534,3095543,3646431,3127161,8810,3935,2846,2416,2817
31-Mar-25,2270664,3127772,3663594,3140409,8583,3780,2744,2343,2733
30-Apr-25,2225287,3109763,3628262,3135881,8495,3817,2732,2341,2709
31-May-25,2236537,3116562,3648369,3149987,8772,3922,2815,2404,2785
30-Jun-25,2235878,3122832,3649769,3156237,8761,3918,2805,2400,2776
,,,,,,,,,
,,,,,,,,,