Date,M1,M2,DOW,SPX,DOW/M1,DOW/M2,SPX/M1,SPX/M2
1/1/59,139,287,584,55,"4,202","2,036",396,192
2/1/59,139,288,594,56,"4,261","2,065",402,195
3/1/59,140,289,604,55,"4,320","2,087",394,190
4/1/59,140,290,603,56,"4,316","2,078",401,193
5/1/59,141,292,625,58,"4,443","2,139",412,198
6/1/59,141,294,644,59,"4,557","2,188",418,201
7/1/59,142,295,651,59,"4,593","2,205",416,200
8/1/59,142,296,675,61,"4,756","2,277",430,206
9/1/59,141,297,656,59,"4,652","2,211",418,199
10/1/59,141,297,634,57,"4,510","2,137",406,192
11/1/59,140,297,647,58,"4,605","2,176",413,195
12/1/59,140,298,664,59,"4,749","2,231",422,198
1/1/60,140,298,679,60,"4,853","2,278",429,201
2/1/60,140,298,626,56,"4,476","2,099",400,188
3/1/60,140,299,627,56,"4,484","2,094",401,187
4/1/60,140,300,616,55,"4,412","2,053",394,183
5/1/60,140,301,602,54,"4,310","2,000",387,179
6/1/60,140,302,625,56,"4,476","2,067",401,185
7/1/60,140,304,641,57,"4,574","2,109",407,187
8/1/60,141,307,618,56,"4,373","2,013",396,182
9/1/60,141,308,626,57,"4,434","2,030",404,185
10/1/60,141,310,580,54,"4,117","1,874",383,174
11/1/60,141,311,585,54,"4,154","1,882",383,174
12/1/60,141,312,595,55,"4,226","1,903",391,176
1/1/61,141,314,616,58,"4,365","1,961",411,185
2/1/61,142,317,649,62,"4,586","2,052",438,196
3/1/61,142,318,663,63,"4,673","2,083",444,198
4/1/61,142,320,677,65,"4,762","2,115",457,203
5/1/61,143,322,677,65,"4,745","2,101",456,202
6/1/61,143,324,695,67,"4,866","2,144",469,207
7/1/61,143,326,684,65,"4,786","2,101",455,200
8/1/61,144,328,714,67,"4,975","2,179",467,205
9/1/61,144,330,721,68,"5,015","2,189",473,206
10/1/61,144,331,701,67,"4,866","2,118",465,202
11/1/61,145,333,704,69,"4,861","2,111",477,207
12/1/61,145,336,729,72,"5,019","2,172",496,215
1/1/62,145,338,731,72,"5,035","2,166",496,213
2/1/62,146,340,703,69,"4,822","2,066",474,203
3/1/62,146,343,712,70,"4,875","2,075",479,204
4/1/62,146,346,707,70,"4,829","2,046",478,203
5/1/62,147,348,671,66,"4,572","1,932",450,190
6/1/62,147,349,611,59,"4,168","1,749",402,169
7/1/62,147,351,561,55,"3,831","1,600",375,157
8/1/62,147,353,591,58,"4,034","1,676",396,164
9/1/62,146,355,609,59,"4,164","1,716",403,166
10/1/62,147,357,572,56,"3,899","1,601",382,157
11/1/62,147,360,597,57,"4,054","1,660",387,158
12/1/62,148,363,649,62,"4,393","1,790",419,171
1/1/63,148,365,652,63,"4,397","1,786",425,173
2/1/63,149,368,683,66,"4,588","1,857",443,179
3/1/63,149,371,660,64,"4,422","1,780",429,173
4/1/63,150,373,686,67,"4,582","1,837",448,179
5/1/63,150,376,720,70,"4,785","1,914",465,186
6/1/63,150,378,727,71,"4,834","1,921",472,188
7/1/63,151,381,701,69,"4,635","1,840",456,181
8/1/63,152,384,695,69,"4,578","1,811",455,180
9/1/63,152,386,729,73,"4,798","1,889",480,189
10/1/63,153,388,738,72,"4,838","1,901",472,185
11/1/63,154,392,754,74,"4,907","1,925",482,189
12/1/63,153,393,751,73,"4,896","1,909",476,186
1/1/64,154,395,763,75,"4,964","1,931",488,190
2/1/64,154,398,785,77,"5,090","1,975",499,194
3/1/64,155,400,800,78,"5,179","2,001",505,195
4/1/64,155,402,816,79,"5,272","2,032",510,197
5/1/64,155,404,817,80,"5,261","2,022",515,198
6/1/64,156,407,819,80,"5,261","2,011",514,197
7/1/64,157,410,838,82,"5,345","2,044",523,200
8/1/64,158,413,841,83,"5,330","2,035",526,201
9/1/64,159,417,844,82,"5,318","2,024",517,197
10/1/64,159,419,872,84,"5,477","2,081",528,200
11/1/64,160,422,873,85,"5,457","2,069",531,201
12/1/64,160,425,864,84,"5,393","2,035",524,198
1/1/65,161,428,874,85,"5,440","2,045",529,199
2/1/65,161,430,904,88,"5,616","2,100",547,204
3/1/65,162,433,900,87,"5,571","2,077",539,201
4/1/65,162,435,890,86,"5,496","2,045",531,198
5/1/65,162,437,922,89,"5,704","2,110",550,204
6/1/65,162,440,909,89,"5,601","2,064",549,202
7/1/65,163,443,872,85,"5,347","1,968",521,192
8/1/65,164,446,882,85,"5,386","1,978",519,191
9/1/65,165,450,894,87,"5,422","1,988",528,194
10/1/65,166,453,930,90,"5,600","2,054",542,199
11/1/65,167,456,959,92,"5,753","2,104",552,202
12/1/65,168,459,948,92,"5,647","2,064",548,200
1/1/66,169,462,969,92,"5,732","2,098",544,199
2/1/66,170,465,976,92,"5,754","2,100",542,198
3/1/66,171,467,938,90,"5,503","2,008",528,193
4/1/66,172,469,931,90,"5,421","1,984",524,192
5/1/66,171,470,934,91,"5,451","1,986",531,194
6/1/66,172,471,884,86,"5,149","1,875",501,183
7/1/66,170,471,877,86,"5,150","1,863",505,183
8/1/66,171,473,835,82,"4,890","1,767",480,174
9/1/66,172,475,792,78,"4,605","1,666",453,164
10/1/66,171,476,774,77,"4,522","1,628",450,162
11/1/66,171,477,810,81,"4,724","1,696",473,170
12/1/66,172,480,790,80,"4,592","1,645",465,167
1/1/67,172,482,786,80,"4,571","1,631",465,166
2/1/67,173,485,848,86,"4,904","1,749",497,177
3/1/67,175,490,844,88,"4,825","1,722",503,180
4/1/67,174,492,866,90,"4,971","1,760",517,183
5/1/67,176,497,893,94,"5,082","1,796",535,189
6/1/67,177,502,865,90,"4,887","1,723",508,179
7/1/67,178,506,860,91,"4,830","1,699",511,180
8/1/67,180,511,913,95,"5,081","1,787",529,186
9/1/67,181,515,901,94,"4,987","1,751",520,183
10/1/67,182,518,927,97,"5,103","1,788",534,187
11/1/67,182,521,867,93,"4,754","1,664",510,178
12/1/67,183,525,879,95,"4,796","1,675",518,181
1/1/68,184,527,905,97,"4,911","1,716",526,184
2/1/68,185,530,861,93,"4,664","1,624",504,175
3/1/68,186,533,840,89,"4,531","1,576",480,167
4/1/68,187,536,861,93,"4,615","1,608",498,174
5/1/68,188,539,913,98,"4,857","1,695",521,182
6/1/68,189,543,899,99,"4,747","1,657",523,182
7/1/68,191,546,896,99,"4,705","1,643",520,181
8/1/68,192,549,878,97,"4,578","1,598",506,177
9/1/68,193,554,896,99,"4,650","1,619",514,179
10/1/68,194,558,942,103,"4,857","1,690",531,185
11/1/68,196,562,948,103,"4,839","1,686",526,183
12/1/68,197,567,985,108,"4,990","1,738",547,191
1/1/69,199,569,944,104,"4,750","1,658",523,183
2/1/69,199,572,946,103,"4,747","1,654",517,180
3/1/69,200,574,905,98,"4,526","1,576",490,171
4/1/69,201,576,933,101,"4,649","1,621",503,175
5/1/69,201,577,949,104,"4,727","1,647",518,180
6/1/69,201,579,938,104,"4,658","1,621",517,180
7/1/69,202,580,876,98,"4,343","1,511",486,169
8/1/69,202,580,827,94,"4,098","1,425",466,162
9/1/69,202,582,837,96,"4,140","1,437",475,165
10/1/69,203,583,807,93,"3,977","1,383",458,159
11/1/69,204,585,856,97,"4,204","1,462",476,166
12/1/69,204,588,805,93,"3,948","1,369",456,158
1/1/70,206,590,800,92,"3,881","1,357",446,156
2/1/70,205,586,744,85,"3,630","1,269",415,145
3/1/70,206,587,778,90,"3,780","1,324",438,153
4/1/70,207,588,792,90,"3,832","1,346",435,153
5/1/70,207,592,734,81,"3,541","1,240",391,137
6/1/70,208,595,710,78,"3,422","1,193",376,131
7/1/70,208,599,688,73,"3,306","1,148",351,122
8/1/70,210,605,734,78,"3,497","1,214",372,129
9/1/70,212,611,758,81,"3,580","1,240",382,133
10/1/70,213,616,761,84,"3,573","1,234",395,136
11/1/70,214,621,756,83,"3,536","1,217",388,134
12/1/70,214,627,794,88,"3,705","1,268",410,140
1/1/71,216,633,839,92,"3,893","1,326",427,145
2/1/71,217,641,878,96,"4,038","1,369",442,150
3/1/71,219,650,883,97,"4,034","1,358",443,149
4/1/71,220,658,904,100,"4,109","1,373",455,152
5/1/71,222,667,942,104,"4,242","1,413",468,156
6/1/71,224,673,914,100,"4,088","1,358",447,149
7/1/71,225,680,893,100,"3,971","1,314",445,147
8/1/71,226,686,858,96,"3,805","1,252",426,140
9/1/71,227,693,899,99,"3,969","1,298",437,143
10/1/71,227,698,894,99,"3,935","1,280",436,142
11/1/71,228,705,826,93,"3,625","1,172",408,132
12/1/71,228,710,846,95,"3,706","1,191",416,134
1/1/72,230,718,890,102,"3,869","1,240",443,142
2/1/72,232,726,902,104,"3,882","1,243",448,143
3/1/72,234,734,935,107,"3,992","1,275",457,146
4/1/72,236,738,941,107,"3,993","1,274",454,145
5/1/72,236,743,942,107,"3,994","1,268",454,144
6/1/72,237,750,961,110,"4,061","1,281",465,147
7/1/72,239,760,929,107,"3,890","1,223",448,141
8/1/72,241,769,931,108,"3,862","1,210",448,140
9/1/72,243,778,970,112,"3,989","1,246",461,144
10/1/72,245,787,953,111,"3,891","1,211",453,141
11/1/72,246,794,969,113,"3,931","1,220",459,142
12/1/72,249,802,"1,024",117,"4,109","1,276",470,146
1/1/73,252,810,"1,020",118,"4,056","1,259",469,146
2/1/73,252,814,986,115,"3,909","1,211",456,141
3/1/73,252,815,950,111,"3,773","1,165",441,136
4/1/73,253,820,951,112,"3,763","1,160",443,137
5/1/73,255,827,921,107,"3,614","1,114",420,129
6/1/73,257,833,894,104,"3,483","1,073",405,125
7/1/73,258,837,892,104,"3,463","1,066",404,124
8/1/73,258,839,912,107,"3,540","1,087",415,128
9/1/73,258,839,888,104,"3,442","1,058",403,124
10/1/73,259,843,949,108,"3,663","1,126",417,128
11/1/73,261,849,949,108,"3,635","1,118",414,127
12/1/73,263,856,822,96,"3,128",961,365,112
1/1/74,264,860,851,98,"3,225",990,371,114
2/1/74,265,864,844,95,"3,181",977,358,110
3/1/74,267,870,852,96,"3,194",979,360,110
4/1/74,267,873,844,93,"3,157",966,348,107
5/1/74,268,875,854,92,"3,191",976,344,105
6/1/74,269,878,802,87,"2,988",914,324,99
7/1/74,269,881,806,86,"2,994",915,319,98
8/1/74,270,884,751,79,"2,781",850,292,89
9/1/74,271,888,679,72,"2,504",764,266,81
10/1/74,272,893,605,63,"2,221",677,231,71
11/1/74,274,899,665,74,"2,431",740,270,82
12/1/74,274,902,619,70,"2,256",686,255,78
1/1/75,274,906,616,69,"2,250",680,252,76
2/1/75,275,914,704,77,"2,559",770,280,84
3/1/75,276,925,739,82,"2,674",799,297,89
4/1/75,276,935,762,83,"2,757",814,301,89
5/1/75,279,948,831,88,"2,976",877,315,93
6/1/75,282,963,832,91,"2,947",864,322,94
7/1/75,284,975,877,95,"3,093",900,335,97
8/1/75,284,983,827,88,"2,909",841,310,90
9/1/75,286,992,835,87,"2,924",843,305,88
10/1/75,285,998,784,83,"2,748",786,291,83
11/1/75,287,"1,007",836,89,"2,915",830,310,88
12/1/75,287,"1,016",856,91,"2,983",843,317,90
1/1/76,288,"1,027",852,90,"2,956",830,312,88
2/1/76,291,"1,040",975,101,"3,354",937,347,97
3/1/76,293,"1,050",975,100,"3,332",929,342,95
4/1/76,295,"1,061",994,102,"3,373",937,346,96
5/1/76,296,"1,072",997,102,"3,369",930,345,95
6/1/76,296,"1,078",973,100,"3,285",903,338,93
7/1/76,297,"1,086",995,104,"3,347",916,350,96
8/1/76,299,"1,099",985,103,"3,293",896,344,94
9/1/76,300,"1,111",986,104,"3,291",888,347,94
10/1/76,302,"1,125",980,104,"3,245",871,344,92
11/1/76,304,"1,138",966,103,"3,182",849,339,90
12/1/76,306,"1,152",949,103,"3,101",824,336,89
1/1/77,308,"1,165","1,005",108,"3,259",862,350,93
2/1/77,312,"1,178",958,103,"3,077",814,331,87
3/1/77,314,"1,189",945,101,"3,010",795,322,85
4/1/77,316,"1,200",927,99,"2,935",773,313,83
5/1/77,317,"1,209",927,98,"2,922",767,309,81
6/1/77,319,"1,218",907,97,"2,844",744,304,80
7/1/77,320,"1,227",913,100,"2,850",744,312,82
8/1/77,322,"1,237",892,99,"2,767",721,307,80
9/1/77,325,"1,246",865,97,"2,665",694,299,78
10/1/77,326,"1,254",847,97,"2,595",676,297,77
11/1/77,329,"1,262",807,91,"2,456",639,277,72
12/1/77,331,"1,270",826,95,"2,495",650,287,75
1/1/78,334,"1,280",831,95,"2,486",650,284,74
2/1/78,335,"1,286",774,90,"2,309",602,268,70
3/1/78,337,"1,292",743,87,"2,206",575,258,67
4/1/78,340,"1,300",757,89,"2,228",582,262,68
5/1/78,345,"1,311",844,98,"2,448",644,284,75
6/1/78,347,"1,319",841,97,"2,423",638,280,74
7/1/78,348,"1,324",819,96,"2,356",618,276,73
8/1/78,350,"1,334",861,101,"2,462",645,289,76
9/1/78,352,"1,345",879,104,"2,497",654,295,77
10/1/78,353,"1,352",866,103,"2,451",640,292,76
11/1/78,355,"1,359",828,97,"2,329",609,273,71
12/1/78,357,"1,366",812,96,"2,271",594,269,70
1/1/79,359,"1,372",805,96,"2,245",587,268,70
2/1/79,360,"1,378",841,100,"2,336",610,278,73
3/1/79,363,"1,388",816,97,"2,251",588,268,70
4/1/79,368,"1,402",862,102,"2,343",615,277,73
5/1/79,370,"1,410",856,102,"2,315",607,276,72
6/1/79,373,"1,423",821,99,"2,199",577,265,70
7/1/79,377,"1,435",842,103,"2,232",587,273,72
8/1/79,379,"1,447",850,104,"2,245",588,275,72
9/1/79,379,"1,454",888,109,"2,340",610,287,75
10/1/79,381,"1,460",873,109,"2,292",598,286,75
11/1/79,381,"1,466",820,103,"2,154",559,270,70
12/1/79,382,"1,474",822,106,"2,154",558,278,72
1/1/80,386,"1,483",839,108,"2,174",566,280,73
2/1/80,390,"1,495",882,115,"2,260",590,295,77
3/1/80,388,"1,500",863,114,"2,222",576,294,76
4/1/80,384,"1,502",785,102,"2,044",522,266,68
5/1/80,385,"1,512",809,106,"2,102",535,275,70
6/1/80,389,"1,529",851,111,"2,187",556,285,73
7/1/80,394,"1,546",872,115,"2,214",564,292,74
8/1/80,399,"1,562",932,121,"2,333",597,303,77
9/1/80,405,"1,574",933,122,"2,304",592,301,78
10/1/80,409,"1,585",939,127,"2,297",593,311,80
11/1/80,411,"1,596",925,128,"2,251",579,312,80
12/1/80,409,"1,600",970,137,"2,373",606,335,86
1/1/81,411,"1,607",964,136,"2,344",600,331,85
2/1/81,415,"1,619",947,130,"2,284",585,313,80
3/1/81,419,"1,637",975,131,"2,326",595,313,80
4/1/81,427,"1,659","1,014",137,"2,373",611,321,83
5/1/81,425,"1,664",996,133,"2,344",598,313,80
6/1/81,425,"1,670",998,132,"2,347",597,310,79
7/1/81,427,"1,682",968,130,"2,267",575,305,77
8/1/81,427,"1,694",952,131,"2,231",562,307,77
9/1/81,427,"1,706",883,123,"2,067",517,288,72
10/1/81,428,"1,722",852,117,"1,989",495,273,68
11/1/81,431,"1,736",853,122,"1,977",491,283,70
12/1/81,437,"1,756",890,126,"2,039",507,289,72
1/1/82,443,"1,770",875,123,"1,977",494,278,69
2/1/82,442,"1,775",852,118,"1,927",480,267,66
3/1/82,443,"1,787",828,113,"1,871",464,255,63
4/1/82,447,"1,804",833,114,"1,864",462,255,63
5/1/82,447,"1,815",848,116,"1,899",467,260,64
6/1/82,448,"1,826",815,112,"1,821",446,250,61
7/1/82,448,"1,832",803,109,"1,793",439,243,60
8/1/82,451,"1,845",809,107,"1,791",438,237,58
9/1/82,457,"1,858",895,118,"1,959",482,258,63
10/1/82,465,"1,870",908,122,"1,954",486,263,65
11/1/82,472,"1,884","1,006",136,"2,133",534,288,72
12/1/82,475,"1,906","1,031",139,"2,172",541,293,73
1/1/83,477,"1,959","1,047",141,"2,193",534,295,72
2/1/83,484,"1,997","1,060",143,"2,188",531,295,72
3/1/83,491,"2,015","1,131",151,"2,305",561,308,75
4/1/83,493,"2,029","1,130",153,"2,291",557,310,75
5/1/83,500,"2,043","1,226",164,"2,452",600,328,80
6/1/83,504,"2,054","1,202",163,"2,385",585,323,79
7/1/83,508,"2,065","1,225",169,"2,413",593,333,82
8/1/83,511,"2,074","1,194",162,"2,339",576,317,78
9/1/83,513,"2,083","1,207",164,"2,353",579,320,79
10/1/83,517,"2,099","1,233",166,"2,384",587,321,79
11/1/83,519,"2,112","1,229",164,"2,369",582,316,78
12/1/83,521,"2,124","1,275",167,"2,446",600,320,79
1/1/84,525,"2,138","1,259",165,"2,397",589,314,77
2/1/84,528,"2,158","1,212",163,"2,298",562,309,76
3/1/84,531,"2,175","1,159",158,"2,182",533,297,73
4/1/84,535,"2,192","1,165",159,"2,177",532,297,73
5/1/84,537,"2,204","1,183",162,"2,204",537,302,73
6/1/84,540,"2,215","1,124",153,"2,081",508,283,69
7/1/84,541,"2,224","1,132",153,"2,094",509,283,69
8/1/84,541,"2,230","1,135",154,"2,097",509,285,69
9/1/84,543,"2,244","1,224",167,"2,254",546,307,74
10/1/84,544,"2,259","1,199",165,"2,205",531,303,73
11/1/84,548,"2,281","1,217",168,"2,223",533,307,74
12/1/84,552,"2,306","1,189",164,"2,155",515,297,71
1/1/85,557,"2,332","1,212",167,"2,175",519,300,72
2/1/85,564,"2,354","1,278",179,"2,267",543,318,76
3/1/85,567,"2,366","1,299",183,"2,293",549,323,77
4/1/85,570,"2,375","1,273",181,"2,231",536,317,76
5/1/85,575,"2,390","1,242",178,"2,160",520,310,74
6/1/85,582,"2,413","1,315",190,"2,259",545,326,79
7/1/85,589,"2,430","1,337",192,"2,270",550,326,79
8/1/85,596,"2,444","1,356",192,"2,274",555,322,79
9/1/85,603,"2,456","1,334",189,"2,211",543,313,77
10/1/85,608,"2,468","1,341",185,"2,206",543,304,75
11/1/85,612,"2,478","1,390",192,"2,271",561,314,77
12/1/85,620,"2,492","1,472",202,"2,375",591,326,81
1/1/86,621,"2,502","1,547",211,"2,489",618,340,84
2/1/86,625,"2,513","1,571",212,"2,513",625,339,84
3/1/86,634,"2,533","1,709",227,"2,698",675,358,90
4/1/86,641,"2,558","1,790",235,"2,793",700,367,92
5/1/86,652,"2,585","1,778",235,"2,727",688,360,91
6/1/86,661,"2,605","1,877",247,"2,841",720,374,95
7/1/86,670,"2,627","1,904",252,"2,840",725,376,96
8/1/86,679,"2,647","1,764",235,"2,599",666,346,89
9/1/86,687,"2,668","1,898",253,"2,762",712,368,95
10/1/86,695,"2,687","1,783",234,"2,566",663,337,87
11/1/86,705,"2,701","1,878",244,"2,662",695,346,90
12/1/86,725,"2,728","1,913",249,"2,639",701,344,91
1/1/87,730,"2,744","1,896",242,"2,596",691,331,88
2/1/87,731,"2,748","2,158",274,"2,953",785,375,100
3/1/87,734,"2,754","2,224",284,"3,031",808,387,103
4/1/87,744,"2,768","2,316",292,"3,113",837,393,106
5/1/87,746,"2,773","2,280",288,"3,058",822,386,104
6/1/87,743,"2,775","2,288",290,"3,079",825,390,105
7/1/87,743,"2,779","2,410",303,"3,243",867,408,109
8/1/87,745,"2,788","2,572",319,"3,453",922,428,114
9/1/87,748,"2,800","2,611",323,"3,492",933,432,115
10/1/87,756,"2,815","2,639",327,"3,490",938,432,116
11/1/87,753,"2,819","1,994",252,"2,647",707,335,89
12/1/87,750,"2,826","1,842",232,"2,456",652,309,82
1/1/88,756,"2,847","1,939",247,"2,564",681,327,87
2/1/88,758,"2,870","1,945",255,"2,566",677,337,89
3/1/88,762,"2,891","2,071",267,"2,718",716,350,92
4/1/88,768,"2,911","1,988",259,"2,588",683,337,89
5/1/88,772,"2,926","2,032",261,"2,634",695,338,89
6/1/88,778,"2,938","2,064",267,"2,652",702,343,91
7/1/88,781,"2,947","2,132",272,"2,728",723,348,92
8/1/88,783,"2,952","2,131",272,"2,720",722,347,92
9/1/88,784,"2,957","2,002",258,"2,555",677,329,87
10/1/88,783,"2,965","2,113",272,"2,697",713,347,92
11/1/88,785,"2,980","2,151",279,"2,740",722,355,94
12/1/88,787,"2,988","2,102",273,"2,672",703,347,91
1/1/89,786,"2,992","2,169",278,"2,760",725,354,93
2/1/89,784,"2,992","2,338",297,"2,983",781,379,99
3/1/89,783,"3,000","2,243",287,"2,865",748,367,96
4/1/89,779,"3,006","2,294",295,"2,944",763,379,98
5/1/89,775,"3,012","2,415",309,"3,116",802,399,103
6/1/89,774,"3,028","2,491",322,"3,220",823,416,106
7/1/89,778,"3,052","2,440",318,"3,137",799,409,104
8/1/89,779,"3,074","2,641",344,"3,389",859,441,112
9/1/89,781,"3,093","2,752",354,"3,524",890,453,114
10/1/89,787,"3,114","2,693",349,"3,423",865,444,112
11/1/89,788,"3,133","2,646",341,"3,358",844,433,109
12/1/89,793,"3,153","2,748",351,"3,465",872,443,111
1/1/90,795,"3,167","2,753",353,"3,461",869,444,111
2/1/90,798,"3,179","2,810",329,"3,521",884,412,103
3/1/90,802,"3,190","2,810",333,"3,506",881,415,104
4/1/90,806,"3,202","2,810",340,"3,486",878,422,106
5/1/90,804,"3,201","2,810",332,"3,494",878,413,104
6/1/90,809,"3,214","2,810",363,"3,474",874,449,113
7/1/90,810,"3,225","2,810",358,"3,469",871,442,111
8/1/90,816,"3,242","2,810",356,"3,445",867,436,110
9/1/90,820,"3,255","2,810",323,"3,426",863,394,99
10/1/90,820,"3,259","2,810",315,"3,427",862,384,97
11/1/90,822,"3,263","2,810",307,"3,418",861,373,94
12/1/90,825,"3,272","2,810",322,"3,407",859,390,98
1/1/91,827,"3,288","2,810",330,"3,397",855,399,100
2/1/91,833,"3,305","2,810",343,"3,375",850,412,104
3/1/91,839,"3,322","2,810",371,"3,351",846,442,112
4/1/91,843,"3,332","2,810",371,"3,333",843,440,111
5/1/91,849,"3,343","2,810",380,"3,311",841,448,114
6/1/91,857,"3,352","2,810",390,"3,280",838,455,116
7/1/91,862,"3,356","2,810",378,"3,262",837,439,113
8/1/91,867,"3,355","2,810",387,"3,242",838,446,115
9/1/91,870,"3,355","2,810",395,"3,231",838,454,118
10/1/91,878,"3,360","2,810",389,"3,201",836,443,116
11/1/91,888,"3,366","2,810",391,"3,166",835,441,116
12/1/91,897,"3,372","2,810",375,"3,133",833,418,111
1/1/92,910,"3,381","3,172",417,"3,087",831,458,123
2/1/92,925,"3,400","3,223",409,"3,484",948,442,120
3/1/92,937,"3,404","3,268",413,"3,489",960,441,121
4/1/92,944,"3,400","3,249",404,"3,443",956,428,119
5/1/92,951,"3,399","3,336",413,"3,509",982,434,122
6/1/92,954,"3,393","3,413",417,"3,577","1,006",437,123
7/1/92,963,"3,394","3,354",413,"3,482",988,429,122
8/1/92,974,"3,399","3,394",424,"3,485",999,435,125
9/1/92,988,"3,410","3,266",416,"3,306",958,421,122
10/1/92,"1,004","3,424","3,254",416,"3,242",951,414,122
11/1/92,"1,016","3,427","3,226",419,"3,176",942,413,122
12/1/92,"1,025","3,425","3,294",431,"3,214",962,421,126
1/1/93,"1,030","3,419","3,301",436,"3,204",965,423,128
2/1/93,"1,034","3,415","3,332",443,"3,224",976,429,130
3/1/93,"1,038","3,412","3,355",442,"3,231",984,426,130
4/1/93,"1,048","3,411","3,439",450,"3,283","1,008",430,132
5/1/93,"1,066","3,437","3,428",440,"3,216",997,413,128
6/1/93,"1,075","3,442","3,552",454,"3,304","1,032",422,132
7/1/93,"1,085","3,442","3,511",449,"3,237","1,020",414,130
8/1/93,"1,094","3,446","3,539",448,"3,235","1,027",409,130
9/1/93,"1,104","3,452","3,645",463,"3,301","1,056",419,134
10/1/93,"1,113","3,457","3,581",461,"3,217","1,036",414,133
11/1/93,"1,124","3,470","3,693",469,"3,285","1,064",417,135
12/1/93,"1,130","3,475","3,697",462,"3,273","1,064",409,133
1/1/94,"1,132","3,475","3,754",467,"3,318","1,080",413,134
2/1/94,"1,136","3,476","3,964",480,"3,489","1,140",422,138
3/1/94,"1,140","3,480","3,809",464,"3,341","1,095",407,133
4/1/94,"1,141","3,481","3,636",446,"3,186","1,044",391,128
5/1/94,"1,143","3,491","3,682",451,"3,220","1,055",394,129
6/1/94,"1,145","3,480","3,761",458,"3,284","1,081",400,132
7/1/94,"1,151","3,488","3,647",446,"3,169","1,045",388,128
8/1/94,"1,151","3,486","3,798",461,"3,301","1,090",401,132
9/1/94,"1,152","3,486","3,901",473,"3,387","1,119",411,136
10/1/94,"1,150","3,484","3,843",463,"3,341","1,103",403,133
11/1/94,"1,151","3,487","3,863",468,"3,357","1,108",407,134
12/1/94,"1,151","3,486","3,701",449,"3,216","1,062",390,129
1/1/95,"1,151","3,492","3,834",459,"3,330","1,098",399,131
2/1/95,"1,147","3,490","3,848",470,"3,353","1,102",410,135
3/1/95,"1,147","3,491","3,995",486,"3,484","1,144",424,139
4/1/95,"1,149","3,499","4,158",501,"3,618","1,188",436,143
5/1/95,"1,145","3,524","4,316",514,"3,769","1,225",449,146
6/1/95,"1,144","3,549","4,473",534,"3,909","1,260",467,150
7/1/95,"1,146","3,567","4,556",545,"3,977","1,277",476,153
8/1/95,"1,145","3,589","4,700",560,"4,104","1,310",489,156
9/1/95,"1,142","3,602","4,648",564,"4,070","1,290",494,157
10/1/95,"1,137","3,613","4,789",584,"4,211","1,325",513,162
11/1/95,"1,134","3,620","4,767",584,"4,203","1,317",515,161
12/1/95,"1,128","3,630","5,087",607,"4,512","1,402",538,167
1/1/96,"1,124","3,648","5,117",616,"4,555","1,403",548,169
2/1/96,"1,119","3,662","5,405",639,"4,832","1,476",571,175
3/1/96,"1,123","3,687","5,537",644,"4,932","1,502",574,175
4/1/96,"1,125","3,698","5,638",654,"5,012","1,525",581,177
5/1/96,"1,117","3,710","5,575",655,"4,993","1,503",587,177
6/1/96,"1,115","3,723","5,643",669,"5,060","1,516",600,180
7/1/96,"1,112","3,737","5,730",676,"5,151","1,533",608,181
8/1/96,"1,102","3,744","5,595",650,"5,079","1,494",590,174
9/1/96,"1,096","3,753","5,616",652,"5,123","1,496",595,174
10/1/96,"1,086","3,773","5,905",689,"5,439","1,565",635,183
11/1/96,"1,084","3,795","6,022",704,"5,558","1,587",650,186
12/1/96,"1,081","3,819","6,522",757,"6,031","1,708",700,198
1/1/97,"1,081","3,835","6,448",741,"5,964","1,682",685,193
2/1/97,"1,079","3,846","6,813",786,"6,315","1,771",729,204
3/1/97,"1,073","3,861","6,878",791,"6,413","1,781",738,205
4/1/97,"1,064","3,877","6,611",760,"6,214","1,705",714,196
5/1/97,"1,064","3,889","6,977",799,"6,558","1,794",751,205
6/1/97,"1,066","3,906","7,331",848,"6,876","1,877",795,217
7/1/97,"1,066","3,924","7,722",891,"7,248","1,968",836,227
8/1/97,"1,075","3,957","8,194",947,"7,620","2,071",881,239
9/1/97,"1,067","3,973","7,622",900,"7,144","1,919",844,227
10/1/97,"1,066","3,992","8,016",955,"7,522","2,008",896,239
11/1/97,"1,071","4,015","7,442",915,"6,949","1,854",854,228
12/1/97,"1,072","4,033","8,013",975,"7,473","1,987",909,242
1/1/98,"1,074","4,056","7,908",970,"7,363","1,950",903,239
2/1/98,"1,078","4,089","7,907",980,"7,336","1,934",909,240
3/1/98,"1,077","4,114","8,546","1,049","7,935","2,077",974,255
4/1/98,"1,077","4,140","8,868","1,108","8,238","2,142","1,029",268
5/1/98,"1,079","4,164","9,147","1,121","8,477","2,196","1,039",269
6/1/98,"1,076","4,184","8,922","1,091","8,290","2,132","1,014",261
7/1/98,"1,075","4,204","9,049","1,149","8,417","2,152","1,069",273
8/1/98,"1,076","4,229","8,883","1,121","8,257","2,101","1,042",265
9/1/98,"1,080","4,268","7,827",994,"7,248","1,834",920,233
10/1/98,"1,086","4,308","7,633",986,"7,028","1,772",908,229
11/1/98,"1,095","4,347","8,592","1,099","7,847","1,977","1,004",253
12/1/98,"1,095","4,376","9,134","1,175","8,341","2,087","1,073",269
1/1/99,"1,098","4,403","9,181","1,229","8,361","2,085","1,119",279
2/1/99,"1,097","4,426","9,346","1,273","8,522","2,112","1,161",288
3/1/99,"1,097","4,433","9,325","1,236","8,503","2,104","1,127",279
4/1/99,"1,102","4,461","9,833","1,294","8,926","2,204","1,175",290
5/1/99,"1,104","4,486","10,789","1,335","9,774","2,405","1,209",298
6/1/99,"1,100","4,508","10,596","1,294","9,635","2,351","1,177",287
7/1/99,"1,099","4,535","11,066","1,381","10,069","2,440","1,256",304
8/1/99,"1,099","4,553","10,655","1,329","9,694","2,340","1,209",292
9/1/99,"1,097","4,569","10,938","1,331","9,975","2,394","1,214",291
10/1/99,"1,103","4,593","10,273","1,283","9,311","2,237","1,163",279
11/1/99,"1,111","4,612","10,649","1,354","9,587","2,309","1,219",294
12/1/99,"1,122","4,639","10,998","1,398","9,801","2,371","1,246",301
1/1/00,"1,122","4,668","11,497","1,469","10,246","2,463","1,309",315
2/1/00,"1,109","4,681","11,041","1,409","9,959","2,359","1,271",301
3/1/00,"1,108","4,712","10,138","1,379","9,154","2,152","1,245",293
4/1/00,"1,116","4,768","10,922","1,499","9,790","2,291","1,344",314
5/1/00,"1,105","4,756","10,812","1,468","9,785","2,273","1,329",309
6/1/00,"1,103","4,774","10,652","1,449","9,661","2,231","1,314",304
7/1/00,"1,104","4,791","10,448","1,455","9,468","2,181","1,319",304
8/1/00,"1,100","4,820","10,607","1,438","9,641","2,201","1,307",298
9/1/00,"1,100","4,855","11,239","1,521","10,220","2,315","1,383",313
10/1/00,"1,099","4,871","10,651","1,437","9,694","2,186","1,308",295
11/1/00,"1,092","4,883","10,899","1,421","9,978","2,232","1,301",291
12/1/00,"1,089","4,928","10,374","1,315","9,529","2,105","1,208",267
1/1/01,"1,097","4,978","10,788","1,320","9,837","2,167","1,204",265
2/1/01,"1,101","5,017","10,984","1,374","9,974","2,189","1,248",274
3/1/01,"1,109","5,075","10,450","1,241","9,424","2,059","1,119",245
4/1/01,"1,117","5,139","9,879","1,160","8,846","1,922","1,039",226
5/1/01,"1,119","5,137","10,898","1,266","9,744","2,121","1,132",246
6/1/01,"1,126","5,180","10,990","1,261","9,759","2,122","1,120",243
7/1/01,"1,139","5,210","10,502","1,224","9,222","2,016","1,075",235
8/1/01,"1,150","5,244","10,510","1,216","9,138","2,004","1,057",232
9/1/01,"1,206","5,355","9,950","1,134","8,252","1,858",941,212
10/1/01,"1,166","5,344","8,837","1,039","7,581","1,654",891,194
11/1/01,"1,171","5,388","9,264","1,084","7,911","1,719",926,201
12/1/01,"1,183","5,441","9,852","1,139","8,326","1,811",963,209
1/1/02,"1,191","5,461","10,022","1,148","8,417","1,835",964,210
2/1/02,"1,191","5,490","9,907","1,122","8,321","1,804",942,204
3/1/02,"1,193","5,502","10,369","1,132","8,689","1,884",949,206
4/1/02,"1,187","5,502","10,363","1,147","8,731","1,883",966,208
5/1/02,"1,189","5,529","10,060","1,087","8,458","1,820",914,197
6/1/02,"1,193","5,554","9,925","1,067","8,317","1,787",894,192
7/1/02,"1,199","5,596","9,110",969,"7,597","1,628",808,173
8/1/02,"1,187","5,638","8,507",885,"7,166","1,509",746,157
9/1/02,"1,196","5,663","8,664",916,"7,243","1,530",766,162
10/1/02,"1,204","5,707","7,939",848,"6,594","1,391",704,149
11/1/02,"1,210","5,758","8,518",901,"7,042","1,479",745,156
12/1/02,"1,220","5,780","8,896",936,"7,291","1,539",767,162
1/1/03,"1,227","5,812","8,342",880,"6,797","1,435",717,151
2/1/03,"1,238","5,848","8,054",856,"6,504","1,377",691,146
3/1/03,"1,239","5,869","7,891",841,"6,367","1,345",679,143
4/1/03,"1,250","5,906","8,070",859,"6,456","1,366",687,145
5/1/03,"1,269","5,966","8,454",916,"6,663","1,417",722,154
6/1/03,"1,281","6,002","8,850",964,"6,909","1,474",753,161
7/1/03,"1,288","6,049","9,041",982,"7,022","1,495",763,162
8/1/03,"1,296","6,107","9,154",980,"7,061","1,499",756,160
9/1/03,"1,297","6,080","9,416","1,008","7,259","1,549",777,166
10/1/03,"1,298","6,070","9,469","1,018","7,296","1,560",784,168
11/1/03,"1,299","6,076","9,801","1,051","7,545","1,613",809,173
12/1/03,"1,306","6,074","9,899","1,070","7,579","1,630",819,176
1/1/04,"1,306","6,082","10,454","1,112","8,005","1,719",851,183
2/1/04,"1,321","6,122","10,488","1,131","7,937","1,713",856,185
3/1/04,"1,329","6,158","10,678","1,156","8,037","1,734",870,188
4/1/04,"1,333","6,199","10,373","1,132","7,783","1,673",849,183
5/1/04,"1,333","6,276","10,226","1,107","7,669","1,629",830,176
6/1/04,"1,343","6,278","10,203","1,121","7,599","1,625",835,179
7/1/04,"1,341","6,291","10,334","1,129","7,707","1,643",842,179
8/1/04,"1,354","6,318","10,140","1,102","7,487","1,605",814,174
9/1/04,"1,363","6,352","10,168","1,106","7,463","1,601",812,174
10/1/04,"1,362","6,380","10,193","1,132","7,482","1,598",831,177
11/1/04,"1,374","6,407","10,054","1,131","7,317","1,569",823,177
12/1/04,"1,376","6,425","10,590","1,191","7,696","1,648",866,185
1/1/05,"1,367","6,431","10,783","1,212","7,888","1,677",887,188
2/1/05,"1,371","6,439","10,552","1,189","7,696","1,639",867,185
3/1/05,"1,371","6,448","10,830","1,210","7,900","1,679",883,188
4/1/05,"1,358","6,462","10,404","1,173","7,659","1,610",864,182
5/1/05,"1,366","6,479","10,193","1,157","7,462","1,573",847,179
6/1/05,"1,380","6,512","10,550","1,202","7,644","1,620",871,185
7/1/05,"1,369","6,544","10,303","1,194","7,526","1,575",872,182
8/1/05,"1,378","6,577","10,623","1,235","7,710","1,615",896,188
9/1/05,"1,379","6,610","10,460","1,222","7,587","1,582",886,185
10/1/05,"1,377","6,644","10,569","1,229","7,678","1,591",893,185
11/1/05,"1,376","6,661","10,407","1,203","7,563","1,562",874,181
12/1/05,"1,374","6,688","10,913","1,265","7,940","1,632",920,189
1/1/06,"1,380","6,730","10,718","1,248","7,769","1,592",905,185
2/1/06,"1,378","6,755","10,954","1,283","7,947","1,622",931,190
3/1/06,"1,383","6,770","11,054","1,291","7,991","1,633",933,191
4/1/06,"1,381","6,807","11,109","1,295","8,042","1,632",937,190
5/1/06,"1,387","6,814","11,343","1,305","8,177","1,665",941,192
6/1/06,"1,375","6,852","11,260","1,286","8,187","1,643",935,188
7/1/06,"1,372","6,894","11,150","1,270","8,125","1,617",925,184
8/1/06,"1,372","6,925","11,126","1,271","8,107","1,607",926,184
9/1/06,"1,364","6,953","11,464","1,311","8,402","1,649",961,189
10/1/06,"1,370","7,002","11,679","1,336","8,523","1,668",975,191
11/1/06,"1,371","7,038","12,031","1,368","8,777","1,710",998,194
12/1/06,"1,367","7,080","12,194","1,397","8,923","1,722","1,022",197
1/1/07,"1,372","7,119","12,463","1,418","9,086","1,751","1,034",199
2/1/07,"1,363","7,135","12,674","1,446","9,298","1,776","1,061",203
3/1/07,"1,367","7,169","12,234","1,403","8,953","1,707","1,027",196
4/1/07,"1,378","7,241","12,354","1,421","8,965","1,706","1,031",196
5/1/07,"1,381","7,255","13,136","1,486","9,513","1,811","1,076",205
6/1/07,"1,368","7,288","13,668","1,536","9,990","1,875","1,123",211
7/1/07,"1,372","7,319","13,409","1,503","9,774","1,832","1,096",205
8/1/07,"1,376","7,395","13,362","1,466","9,709","1,807","1,065",198
9/1/07,"1,376","7,413","13,358","1,474","9,710","1,802","1,071",199
10/1/07,"1,379","7,428","14,088","1,547","10,213","1,896","1,122",208
11/1/07,"1,372","7,454","13,568","1,508","9,891","1,820","1,099",202
12/1/07,"1,373","7,484","13,372","1,481","9,736","1,787","1,078",198
1/1/08,"1,378","7,518","13,265","1,468","9,628","1,764","1,066",195
2/1/08,"1,380","7,604","12,743","1,395","9,232","1,676","1,011",183
3/1/08,"1,389","7,670","12,266","1,331","8,833","1,599",958,174
4/1/08,"1,391","7,713","12,654","1,370","9,095","1,641",985,178
5/1/08,"1,393","7,726","13,010","1,409","9,337","1,684","1,011",182
6/1/08,"1,405","7,744","12,638","1,400","8,998","1,632",997,181
7/1/08,"1,421","7,792","11,382","1,285","8,009","1,461",904,165
8/1/08,"1,407","7,806","11,326","1,260","8,048","1,451",895,161
9/1/08,"1,462","7,873","11,544","1,283","7,896","1,466",878,163
10/1/08,"1,474","7,975","10,831","1,161","7,349","1,358",788,146
11/1/08,"1,515","8,027","9,325",969,"6,157","1,162",640,121
12/1/08,"1,602","8,205","8,149",816,"5,088",993,509,99
1/1/09,"1,583","8,289","8,776",903,"5,545","1,059",571,109
2/1/09,"1,567","8,320","8,001",826,"5,105",962,527,99
3/1/09,"1,579","8,387","7,063",735,"4,473",842,466,88
4/1/09,"1,612","8,391","7,762",811,"4,816",925,503,97
5/1/09,"1,618","8,450","8,212",878,"5,077",972,543,104
6/1/09,"1,659","8,460","8,721",943,"5,258","1,031",568,111
7/1/09,"1,663","8,464","8,504",923,"5,115","1,005",555,109
8/1/09,"1,660","8,463","9,172",988,"5,525","1,084",595,117
9/1/09,"1,665","8,462","9,311",998,"5,592","1,100",599,118
10/1/09,"1,678","8,488","9,509","1,030","5,668","1,120",614,121
11/1/09,"1,683","8,517","9,713","1,036","5,771","1,140",616,122
12/1/09,"1,693","8,513","10,472","1,109","6,186","1,230",655,130
1/1/10,"1,675","8,478","10,428","1,115","6,227","1,230",666,132
2/1/10,"1,700","8,528","10,186","1,089","5,992","1,194",641,128
3/1/10,"1,712","8,524","10,404","1,116","6,077","1,221",652,131
4/1/10,"1,699","8,555","10,927","1,178","6,431","1,277",693,138
5/1/10,"1,710","8,609","11,009","1,187","6,437","1,279",694,138
6/1/10,"1,732","8,628","10,024","1,071","5,789","1,162",619,124
7/1/10,"1,724","8,640","9,733","1,027","5,645","1,126",596,119
8/1/10,"1,749","8,688","10,466","1,102","5,985","1,205",630,127
9/1/10,"1,766","8,719","10,269","1,080","5,814","1,178",611,124
10/1/10,"1,780","8,769","10,830","1,146","6,083","1,235",644,131
11/1/10,"1,828","8,789","11,125","1,184","6,084","1,266",648,135
12/1/10,"1,837","8,823","11,256","1,206","6,128","1,276",657,137
1/1/11,"1,846","8,845","11,578","1,258","6,271","1,309",681,142
2/1/11,"1,870","8,909","12,040","1,308","6,438","1,351",699,147
3/1/11,"1,897","8,967","12,058","1,306","6,358","1,345",689,146
4/1/11,"1,897","9,030","12,377","1,332","6,524","1,371",702,148
5/1/11,"1,942","9,103","12,811","1,364","6,598","1,407",703,150
6/1/11,"1,963","9,177","12,290","1,315","6,260","1,339",670,143
7/1/11,"1,996","9,339","12,583","1,340","6,304","1,347",671,143
8/1/11,"2,115","9,525","12,132","1,287","5,735","1,274",608,135
9/1/11,"2,120","9,545","11,494","1,204","5,421","1,204",568,126
10/1/11,"2,129","9,578","10,913","1,131","5,127","1,139",531,118
11/1/11,"2,182","9,630","11,658","1,218","5,343","1,211",558,126
12/1/11,"2,166","9,677","12,020","1,245","5,550","1,242",575,129
1/1/12,"2,202","9,751","12,218","1,258","5,549","1,253",571,129
2/1/12,"2,207","9,802","12,716","1,324","5,762","1,297",600,135
3/1/12,"2,228","9,846","12,980","1,374","5,827","1,318",617,140
4/1/12,"2,237","9,900","13,212","1,409","5,905","1,335",630,142
5/1/12,"2,256","9,943","13,279","1,406","5,886","1,336",623,141
6/1/12,"2,275","10,013","12,119","1,278","5,326","1,210",562,128
7/1/12,"2,315","10,066","12,880","1,362","5,564","1,280",588,135
8/1/12,"2,354","10,136","12,976","1,375","5,512","1,280",584,136
9/1/12,"2,387","10,217","13,091","1,407","5,485","1,281",590,138
10/1/12,"2,420","10,283","13,515","1,445","5,585","1,314",597,141
11/1/12,"2,441","10,352","13,233","1,428","5,421","1,278",585,138
12/1/12,"2,461","10,474","13,026","1,416","5,293","1,244",575,135
1/1/13,"2,477","10,498","13,104","1,426","5,291","1,248",576,136
2/1/13,"2,469","10,517","14,010","1,513","5,675","1,332",613,144
3/1/13,"2,476","10,573","14,090","1,518","5,690","1,333",613,144
4/1/13,"2,505","10,600","14,573","1,562","5,818","1,375",624,147
5/1/13,"2,524","10,635","14,701","1,583","5,826","1,382",627,149
6/1/13,"2,521","10,692","15,116","1,631","5,996","1,414",647,153
7/1/13,"2,542","10,732","14,975","1,615","5,890","1,395",635,150
8/1/13,"2,551","10,790","15,628","1,707","6,126","1,448",669,158
9/1/13,"2,586","10,850","14,810","1,633","5,728","1,365",632,151
10/1/13,"2,631","10,974","15,192","1,695","5,774","1,384",644,154
11/1/13,"2,639","10,983","15,616","1,762","5,918","1,422",668,160
12/1/13,"2,674","11,048","16,086","1,806","6,015","1,456",675,163
1/1/14,"2,714","11,118","16,577","1,848","6,108","1,491",681,166
2/1/14,"2,730","11,183","15,699","1,783","5,750","1,404",653,159
3/1/14,"2,749","11,219","16,322","1,859","5,937","1,455",676,166
4/1/14,"2,774","11,264","16,533","1,886","5,959","1,468",680,167
5/1/14,"2,785","11,329","16,559","1,884","5,945","1,462",676,166
6/1/14,"2,817","11,384","16,717","1,924","5,934","1,469",683,169
7/1/14,"2,837","11,438","16,956","1,973","5,976","1,482",695,172
8/1/14,"2,787","11,463","16,493","1,925","5,918","1,439",691,168
9/1/14,"2,861","11,504","17,098","2,003","5,976","1,486",700,174
10/1/14,"2,880","11,578","16,805","1,946","5,834","1,451",676,168
11/1/14,"2,888","11,618","17,391","2,018","6,021","1,497",699,174
12/1/14,"2,956","11,702","17,777","2,053","6,014","1,519",695,175
1/1/15,"2,956","11,789","17,823","2,059","6,036","1,514",697,175
2/1/15,"3,025","11,906","17,165","1,995","5,703","1,445",659,168
3/1/15,"3,001","11,904","18,133","2,105","6,051","1,525",701,177
4/1/15,"3,003","11,938","17,698","2,060","5,901","1,483",686,173
5/1/15,"2,978","11,965","18,024","2,108","6,051","1,507",708,176
6/1/15,"3,015","12,006","18,040","2,112","5,987","1,502",701,176
7/1/15,"3,035","12,049","17,758","2,077","5,852","1,472",684,172
8/1/15,"3,014","12,094","17,690","2,104","5,862","1,461",698,174
9/1/15,"3,038","12,155","16,058","1,914","5,274","1,319",630,157
10/1/15,"3,018","12,206","16,272","1,924","5,377","1,333",638,158
11/1/15,"3,075","12,298","17,664","2,079","5,729","1,436",676,169
12/1/15,"3,106","12,369","17,888","2,103","5,763","1,447",677,170
1/1/16,"3,107","12,506","17,425","2,044","5,615","1,395",658,163
2/1/16,"3,143","12,578","16,449","1,939","5,253","1,310",617,154
3/1/16,"3,158","12,629","16,865","1,978","5,349","1,336",626,157
4/1/16,"3,200","12,708","17,793","2,073","5,564","1,401",648,163
5/1/16,"3,237","12,775","17,774","2,065","5,492","1,391",638,162
6/1/16,"3,243","12,835","17,790","2,099","5,487","1,385",647,164
7/1/16,"3,242","12,890","17,949","2,103","5,537","1,391",649,163
8/1/16,"3,311","12,974","18,405","2,171","5,556","1,417",656,167
9/1/16,"3,320","13,034","18,419","2,171","5,537","1,412",654,167
10/1/16,"3,332","13,108","18,308","2,168","5,484","1,396",651,165
11/1/16,"3,347","13,181","18,037","2,112","5,377","1,368",631,160
12/1/16,"3,345","13,226","19,192","2,191","5,737","1,452",655,166
1/1/17,"3,399","13,301","19,763","2,239","5,824","1,487",659,168
2/1/17,"3,410","13,367","19,891","2,280","5,845","1,490",669,171
3/1/17,"3,456","13,429","21,116","2,396","6,118","1,573",693,178
4/1/17,"3,455","13,485","20,663","2,363","5,989","1,533",684,175
5/1/17,"3,518","13,537","20,913","2,388","5,948","1,545",679,176
6/1/17,"3,526","13,559","21,144","2,430","5,998","1,559",689,179
7/1/17,"3,546","13,615","21,350","2,423","6,019","1,566",683,178
8/1/17,"3,582","13,675","21,964","2,476","6,124","1,605",691,181
9/1/17,"3,564","13,723","21,988","2,477","6,158","1,601",695,180
10/1/17,"3,604","13,782","22,405","2,519","6,210","1,625",699,183
11/1/17,"3,622","13,815","23,435","2,579","6,457","1,696",712,187
12/1/17,"3,613","13,874","24,232","2,642","6,706","1,748",731,190
1/1/18,"3,659","13,883","24,719","2,674","6,770","1,782",731,193
2/1/18,"3,621","13,919","26,187","2,822","7,245","1,883",779,203
3/1/18,"3,667","13,976","24,609","2,678","6,716","1,762",730,192
4/1/18,"3,664","13,994","24,103","2,641","6,592","1,723",721,189
5/1/18,"3,656","14,050","24,099","2,655","6,595","1,715",726,189
6/1/18,"3,656","14,110","24,635","2,735","6,739","1,745",748,194
7/1/18,"3,680","14,144","24,271","2,718","6,593","1,714",739,192
8/1/18,"3,686","14,194","25,334","2,813","6,856","1,783",763,198
9/1/18,"3,695","14,229","25,965","2,902","7,013","1,824",785,204
10/1/18,"3,723","14,241","26,651","2,925","7,153","1,871",786,205
11/1/18,"3,697","14,261","25,381","2,740","6,852","1,780",741,192
12/1/18,"3,761","14,383","25,538","2,760","6,784","1,777",734,192
1/1/19,"3,754","14,446","23,327","2,507","6,230","1,616",668,174
2/1/19,"3,762","14,481","25,064","2,707","6,682","1,732",720,187
3/1/19,"3,738","14,526","26,026","2,804","6,968","1,793",750,193
4/1/19,"3,790","14,555","26,258","2,867","6,948","1,805",756,197
5/1/19,"3,789","14,652","26,430","2,924","6,977","1,803",772,200
6/1/19,"3,832","14,771","24,815","2,752","6,476","1,679",718,186
7/1/19,"3,863","14,854","26,717","2,964","6,913","1,797",767,200
8/1/19,"3,847","14,935","26,583","2,954","6,883","1,778",768,198
9/1/19,"3,894","15,031","26,403","2,927","6,768","1,756",752,195
10/1/19,"3,926","15,167","26,573","2,940","6,759","1,751",749,194
11/1/19,"3,943","15,277","27,347","3,067","6,918","1,791",778,201
12/1/19,"4,004","15,348","28,051","3,141","6,998","1,829",785,205
1/1/20,"3,989","15,417","28,538","3,231","7,175","1,853",810,210
2/1/20,"4,001","15,467","28,256","3,226","7,100","1,828",806,209
3/1/20,"4,266","15,994","25,409","2,954","5,963","1,590",692,185
4/1/20,"4,804","17,006","20,944","2,471","4,373","1,232",514,145
5/1/20,"16,232","17,853","23,724","2,831","1,460","1,328",174,159
6/1/20,"16,555","18,141","25,475","3,056","1,537","1,403",185,168
7/1/20,"16,762","18,298","25,735","3,116","1,534","1,405",186,170
8/1/20,"16,880","18,364","26,428","3,271","1,564","1,438",194,178
9/1/20,"17,159","18,597","28,646","3,527","1,668","1,540",206,190
10/1/20,"17,361","18,751","27,817","3,381","1,602","1,483",195,180
11/1/20,"17,619","18,979","26,502","3,270","1,505","1,397",186,172
12/1/20,"17,828","19,133","29,824","3,662","1,675","1,561",205,191
1/1/21,"18,089","19,360","30,606","3,756","1,694","1,583",208,194
2/1/21,"18,349","19,597","30,212","3,774","1,649","1,544",206,193
3/1/21,"18,608","19,823","31,536","3,902","1,696","1,592",210,197
4/1/21,"18,970","20,162","33,153","4,020","1,750","1,647",212,199
5/1/21,"19,258","20,431","33,875","4,181","1,758","1,657",217,205
6/1/21,"19,319","20,473","34,575","4,202","1,789","1,688",218,205
7/1/21,"19,489","20,628","34,634","4,320","1,777","1,679",222,209
8/1/21,"19,687","20,811","34,935","4,395","1,771","1,676",223,211
9/1/21,"19,868","20,979","35,313","4,524","1,778","1,684",228,216
10/1/21,"20,047","21,143","34,326","4,357","1,711","1,623",217,206
11/1/21,"20,235","21,317","35,914","4,614","1,774","1,684",228,216
12/1/21,"20,399","21,471","34,022","4,513","1,665","1,582",221,210
1/1/22,"20,521","21,587","36,338","4,766","1,773","1,685",232,221
2/1/22,"20,641","21,685","35,405","4,547","1,721","1,638",220,210
3/1/22,"20,684","21,721","33,295","4,306","1,610","1,533",208,198
4/1/22,"20,727","21,750","34,818","4,546","1,682","1,603",219,209
5/1/22,"20,669","21,691","32,977","4,132","1,595","1,520",200,190
6/1/22,"20,593","21,643","32,813","4,101","1,593","1,515",199,189
7/1/22,"20,532","21,642","31,097","3,825","1,514","1,437",186,177
8/1/22,"20,435","21,607","32,798","4,119","1,603","1,517",202,191
9/1/22,"20,281","21,521","31,656","3,967","1,562","1,472",196,184
10/1/22,"20,092","21,424","28,726","3,586","1,429","1,340",178,167
11/1/22,"19,923","21,358","32,653","3,856","1,638","1,528",194,181
12/1/22,"19,671","21,219","34,395","4,077","1,744","1,617",207,192
1/1/23,"19,527","21,205","33,147","3,840","1,699","1,564",197,181
2/1/23,"19,385","21,184","34,093","4,119","1,765","1,614",212,194
3/1/23,"18,925","20,876","32,662","3,951","1,726","1,565",209,189
4/1/23,"18,615","20,730","33,274","4,109","1,788","1,607",221,198
5/1/23,"18,549","20,801","34,052","4,168","1,835","1,637",225,200
6/1/23,"18,435","20,783","33,062","4,221","1,792","1,590",229,203
7/1/23,"18,342","20,772","34,408","4,450","1,876","1,657",243,214
8/1/23,"18,226","20,747","35,631","4,577","1,954","1,718",251,221
9/1/23,"18,125","20,720","34,838","4,516","1,924","1,684",249,218
10/1/23,"18,023","20,688","33,508","4,288","1,859","1,622",238,207
11/1/23,"17,957","20,697","33,275","4,238","1,852","1,609",236,205
12/1/23,"17,915","20,701","36,246","4,595","2,017","1,749",256,222
1/1/24,"17,943","20,773","37,690","4,770","2,102","1,818",266,230
2/1/24,"17,984","20,861","38,520","4,906","2,149","1,855",273,235
3/1/24,"17,981","20,901","39,087","5,137","2,173","1,874",286,246
4/1/24,"17,974","20,933","39,567","5,244","2,201","1,895",292,251
5/1/24,"18,003","20,998","37,903","5,018","2,104","1,808",279,239
6/1/24,"18,039","21,066","38,686","5,278","2,144","1,840",293,251
7/1/24,"18,037","21,098","39,170","5,475","2,172","1,862",304,260
8/1/24,"18,091","21,185","40,348","5,447","2,230","1,908",301,257
9/1/24,"18,157","21,272","41,563","5,648","2,290","1,958",311,266
10/1/24,"18,215","21,324","42,157","5,709","2,312","1,978",313,268
11/1/24,"18,328","21,424","42,052","5,729","2,290","1,961",313,267
12/1/24,"18,359","21,442","44,911","6,032","2,433","2,084",329,281
1/1/25,"18,441","21,511","42,544","5,882","2,305","1,973",319,273
2/1/25,"18,501","21,584","44,545","5,994","2,408","2,064",324,278
3/1/25,"18,525","21,657","43,191","5,850","2,332","1,994",316,270
4/1/25,"18,648","21,805","41,990","5,633","2,252","1,926",302,258
5/1/25,"18,693","21,884","40,753","5,604","2,180","1,862",300,256
6/1/25,"18,803","22,021","42,305","5,936","2,250","1,921",316,270